Book-Title,Book-Author,Publisher,Image-URL-M
The Kitchen God's Wife,Amy Tan,Putnam Pub Group,http://images.amazon.com/images/P/0399135782.01.MZZZZZZZ.jpg
The Testament,John Grisham,Dell,http://images.amazon.com/images/P/0440234743.01.MZZZZZZZ.jpg
Beloved (Plume Contemporary Fiction),Toni Morrison,Plume,http://images.amazon.com/images/P/0452264464.01.MZZZZZZZ.jpg
Wild Animus,Rich Shapero,Too Far,http://images.amazon.com/images/P/0971880107.01.MZZZZZZZ.jpg
Airframe,Michael Crichton,Ballantine Books,http://images.amazon.com/images/P/0345402871.01.MZZZZZZZ.jpg
Timeline,MICHAEL CRICHTON,Ballantine Books,http://images.amazon.com/images/P/0345417623.01.MZZZZZZZ.jpg
To Kill a Mockingbird,Harper Lee,Little Brown &amp; Company,http://images.amazon.com/images/P/0446310786.01.MZZZZZZZ.jpg
Seabiscuit: An American Legend,LAURA HILLENBRAND,Ballantine Books,http://images.amazon.com/images/P/0449005615.01.MZZZZZZZ.jpg
Pigs in Heaven,Barbara Kingsolver,Harpercollins,http://images.amazon.com/images/P/0060168013.01.MZZZZZZZ.jpg
Pride and Prejudice,Jane Austen,Bantam,http://images.amazon.com/images/P/055321215X.01.MZZZZZZZ.jpg
Icebound,Dean R. Koontz,Bantam Books,http://images.amazon.com/images/P/0553582909.01.MZZZZZZZ.jpg
I'll Be Seeing You,Mary Higgins Clark,Pocket,http://images.amazon.com/images/P/0671888587.01.MZZZZZZZ.jpg
From the Corner of His Eye,Dean Koontz,Bantam Books,http://images.amazon.com/images/P/0553582747.01.MZZZZZZZ.jpg
Isle of Dogs,Patricia Cornwell,Berkley Publishing Group,http://images.amazon.com/images/P/0425182908.01.MZZZZZZZ.jpg
Purity in Death,J.D. Robb,Berkley Publishing Group,http://images.amazon.com/images/P/042518630X.01.MZZZZZZZ.jpg
The Street Lawyer,JOHN GRISHAM,Dell,http://images.amazon.com/images/P/0440225701.01.MZZZZZZZ.jpg
Breathing Lessons,Anne Tyler,Berkley Publishing Group,http://images.amazon.com/images/P/042511774X.01.MZZZZZZZ.jpg
The Joy Luck Club,Amy Tan,Prentice Hall (K-12),http://images.amazon.com/images/P/0804106304.01.MZZZZZZZ.jpg
The Tao of Pooh,Benjamin Hoff,Penguin Books,http://images.amazon.com/images/P/0140067477.01.MZZZZZZZ.jpg
Seabiscuit,LAURA HILLENBRAND,Ballantine Books,http://images.amazon.com/images/P/0345465083.01.MZZZZZZZ.jpg
The Catcher in the Rye,J.D. Salinger,"Little, Brown",http://images.amazon.com/images/P/0316769487.01.MZZZZZZZ.jpg
Midnight in the Garden of Good and Evil: A Savannah Story,John Berendt,Random House,http://images.amazon.com/images/P/0679429220.01.MZZZZZZZ.jpg
Pretend You Don't See Her,Mary Higgins Clark,Pocket,http://images.amazon.com/images/P/0671867156.01.MZZZZZZZ.jpg
Fast Women,Jennifer Crusie,St. Martin's Press,http://images.amazon.com/images/P/0312252617.01.MZZZZZZZ.jpg
The Pillars of the Earth,Ken Follett,Signet Book,http://images.amazon.com/images/P/0451166892.01.MZZZZZZZ.jpg
The Five People You Meet in Heaven,Mitch Albom,Hyperion,http://images.amazon.com/images/P/0786868716.01.MZZZZZZZ.jpg
The Alibi,Sandra Brown,Warner Books,http://images.amazon.com/images/P/0446608653.01.MZZZZZZZ.jpg
The Beach House,James Patterson,Warner Books,http://images.amazon.com/images/P/0446612545.01.MZZZZZZZ.jpg
Angels &amp; Demons,Dan Brown,Pocket Star,http://images.amazon.com/images/P/0671027360.01.MZZZZZZZ.jpg
The Girl Who Loved Tom Gordon,Stephen King,Pocket,http://images.amazon.com/images/P/0671042858.01.MZZZZZZZ.jpg
Little Altars Everywhere: A Novel,Rebecca Wells,Perennial,http://images.amazon.com/images/P/0060976845.01.MZZZZZZZ.jpg
Before I Say Good-Bye,Mary Higgins Clark,Pocket,http://images.amazon.com/images/P/0671004573.01.MZZZZZZZ.jpg
Slow Waltz in Cedar Bend,Robert James Waller,Warner Books,http://images.amazon.com/images/P/0446601640.01.MZZZZZZZ.jpg
Atonement : A Novel,IAN MCEWAN,Anchor,http://images.amazon.com/images/P/038572179X.01.MZZZZZZZ.jpg
Rebecca,Daphne Du Maurier,Avon,http://images.amazon.com/images/P/0380778556.01.MZZZZZZZ.jpg
Contact,Susan Grant,Love Spell,http://images.amazon.com/images/P/0505524996.01.MZZZZZZZ.jpg
Wish You Well,David Baldacci,Warner Books,http://images.amazon.com/images/P/0446527165.01.MZZZZZZZ.jpg
The Hitchhiker's Guide to the Galaxy,Douglas Adams,Pocket,http://images.amazon.com/images/P/0671461494.01.MZZZZZZZ.jpg
Bridget Jones's Diary,Helen Fielding,Picador (UK),http://images.amazon.com/images/P/0330332775.01.MZZZZZZZ.jpg
Fahrenheit 451,Ray Bradbury,Distribooks Inc,http://images.amazon.com/images/P/3257208626.01.MZZZZZZZ.jpg
The God of Small Things,Arundhati Roy,Perennial,http://images.amazon.com/images/P/0060977493.01.MZZZZZZZ.jpg
Four Blind Mice,James Patterson,"Little, Brown",http://images.amazon.com/images/P/0316693006.01.MZZZZZZZ.jpg
Congo,Michael Crichton,Ballantine Books,http://images.amazon.com/images/P/0345378490.01.MZZZZZZZ.jpg
Plainsong (Vintage Contemporaries),KENT HARUF,Vintage,http://images.amazon.com/images/P/0375705856.01.MZZZZZZZ.jpg
Body of Evidence (Kay Scarpetta Mysteries (Paperback)),Patricia D. Cornwell,Avon,http://images.amazon.com/images/P/0380717018.01.MZZZZZZZ.jpg
All That Remains (Kay Scarpetta Mysteries (Paperback)),Patricia D. Cornwell,Avon,http://images.amazon.com/images/P/0380718332.01.MZZZZZZZ.jpg
The Brethren,JOHN GRISHAM,Doubleday,http://images.amazon.com/images/P/0385497466.01.MZZZZZZZ.jpg
The King of Torts,John Grisham,Doubleday Books,http://images.amazon.com/images/P/0385508042.01.MZZZZZZZ.jpg
Bleachers,John Grisham,Doubleday,http://images.amazon.com/images/P/0385511612.01.MZZZZZZZ.jpg
Roses Are Red (Alex Cross Novels),James Patterson,Warner Vision,http://images.amazon.com/images/P/0446605484.01.MZZZZZZZ.jpg
The Rescue,Nicholas Sparks,Warner Books,http://images.amazon.com/images/P/0446610399.01.MZZZZZZZ.jpg
Pet Sematary,Stephen King,Signet Book,http://images.amazon.com/images/P/0451162072.01.MZZZZZZZ.jpg
Girl with a Pearl Earring,Tracy Chevalier,Plume Books,http://images.amazon.com/images/P/0452282152.01.MZZZZZZZ.jpg
Deception Point,Dan Brown,Pocket,http://images.amazon.com/images/P/0671027387.01.MZZZZZZZ.jpg
Tis : A Memoir,Frank McCourt,Scribner,http://images.amazon.com/images/P/0684848783.01.MZZZZZZZ.jpg
Chicken Soup for the Soul (Chicken Soup for the Soul),Jack Canfield,Health Communications,http://images.amazon.com/images/P/155874262X.01.MZZZZZZZ.jpg
Wicked: The Life and Times of the Wicked Witch of the West,Gregory Maguire,Regan Books,http://images.amazon.com/images/P/0060987103.01.MZZZZZZZ.jpg
Life of Pi,Yann Martel,Harcourt,http://images.amazon.com/images/P/0151008116.01.MZZZZZZZ.jpg
Secret History,DONNA TARTT,Ballantine Books,http://images.amazon.com/images/P/0804111359.01.MZZZZZZZ.jpg
Chicken Soup for the Woman's Soul (Chicken Soup for the Soul Series (Paper)),Jack Canfield,Health Communications,http://images.amazon.com/images/P/1558744150.01.MZZZZZZZ.jpg
"The Amber Spyglass (His Dark Materials, Book 3)",PHILIP PULLMAN,Knopf Books for Young Readers,http://images.amazon.com/images/P/0375823352.01.MZZZZZZZ.jpg
"The Golden Compass (His Dark Materials, Book 1)",PHILIP PULLMAN,Knopf Books for Young Readers,http://images.amazon.com/images/P/037582345X.01.MZZZZZZZ.jpg
"The Subtle Knife (His Dark Materials, Book 2)",PHILIP PULLMAN,Knopf Books for Young Readers,http://images.amazon.com/images/P/0375823468.01.MZZZZZZZ.jpg
Animal Farm,George Orwell,Signet,http://images.amazon.com/images/P/0451526341.01.MZZZZZZZ.jpg
A Man in Full,Tom Wolfe,Farrar Straus &amp; Giroux,http://images.amazon.com/images/P/0374270325.01.MZZZZZZZ.jpg
A Painted House,John Grisham,Dell Publishing Company,http://images.amazon.com/images/P/044023722X.01.MZZZZZZZ.jpg
The Perfect Storm : A True Story of Men Against the Sea,Sebastian Junger,Perennial,http://images.amazon.com/images/P/0060977477.01.MZZZZZZZ.jpg
Vinegar Hill (Oprah's Book Club (Paperback)),A. Manette Ansay,Perennial,http://images.amazon.com/images/P/0380730138.01.MZZZZZZZ.jpg
The Hunt for Red October,Tom Clancy,Berkley Publishing Group,http://images.amazon.com/images/P/0425120279.01.MZZZZZZZ.jpg
The Secret Life of Bees,Sue Monk Kidd,Penguin Books,http://images.amazon.com/images/P/0142001740.01.MZZZZZZZ.jpg
Digital Fortress : A Thriller,Dan Brown,St. Martin's Press,http://images.amazon.com/images/P/0312995423.01.MZZZZZZZ.jpg
The Firm,John Grisham,Doubleday Books,http://images.amazon.com/images/P/0385416342.01.MZZZZZZZ.jpg
The Client,John Grisham,Doubleday Books,http://images.amazon.com/images/P/038542471X.01.MZZZZZZZ.jpg
Heart of the Sea (Irish Trilogy),Nora Roberts,Jove Books,http://images.amazon.com/images/P/0515128554.01.MZZZZZZZ.jpg
The Little Prince,Antoine de Saint-ExupÃ©ry,Harcourt,http://images.amazon.com/images/P/0156528207.01.MZZZZZZZ.jpg
Moonlight Becomes You,Mary Higgins Clark,Pocket,http://images.amazon.com/images/P/0671867113.01.MZZZZZZZ.jpg
The Lovely Bones: A Novel,Alice Sebold,"Little, Brown",http://images.amazon.com/images/P/0316666343.01.MZZZZZZZ.jpg
Hannibal,Thomas Harris,Dell Publishing Company,http://images.amazon.com/images/P/0440224675.01.MZZZZZZZ.jpg
The Robber Bride,Margaret Atwood,Bantam,http://images.amazon.com/images/P/0553569058.01.MZZZZZZZ.jpg
A Widow for One Year,JOHN IRVING,Ballantine Books,http://images.amazon.com/images/P/0345424719.01.MZZZZZZZ.jpg
Empire Falls,Richard Russo,Vintage Books USA,http://images.amazon.com/images/P/0375726403.01.MZZZZZZZ.jpg
Oryx and Crake,Margaret Atwood,Nan A. Talese,http://images.amazon.com/images/P/0385503857.01.MZZZZZZZ.jpg
Black and Blue,ANNA QUINDLEN,Dell,http://images.amazon.com/images/P/0440226104.01.MZZZZZZZ.jpg
She's Come Undone (Oprah's Book Club),Wally Lamb,Pocket,http://images.amazon.com/images/P/0671021001.01.MZZZZZZZ.jpg
Nickel and Dimed: On (Not) Getting By in America,Barbara Ehrenreich,Owl Books,http://images.amazon.com/images/P/0805063897.01.MZZZZZZZ.jpg
Left Behind: A Novel of the Earth's Last Days (Left Behind No. 1),Tim Lahaye,Tyndale House Publishers,http://images.amazon.com/images/P/0842329129.01.MZZZZZZZ.jpg
The Diary of Ellen Rimbauer: My Life at Rose Red,Joyce Reardon,Hyperion,http://images.amazon.com/images/P/0786868015.01.MZZZZZZZ.jpg
The Bean Trees,Barbara Kingsolver,Perennial,http://images.amazon.com/images/P/0060915544.01.MZZZZZZZ.jpg
The Red Tent (Bestselling Backlist),Anita Diamant,Picador USA,http://images.amazon.com/images/P/0312195516.01.MZZZZZZZ.jpg
The Nanny Diaries: A Novel,Emma McLaughlin,St. Martin's Press,http://images.amazon.com/images/P/0312278586.01.MZZZZZZZ.jpg
Postmortem,Patricia Daniels Cornwell,Harper Mass Market Paperbacks (Mm),http://images.amazon.com/images/P/0380710218.01.MZZZZZZZ.jpg
While My Pretty One Sleeps,Mary Higgins Clark,Pocket,http://images.amazon.com/images/P/0671673688.01.MZZZZZZZ.jpg
Three Junes,JULIA GLASS,Anchor,http://images.amazon.com/images/P/0385721420.01.MZZZZZZZ.jpg
Back Roads,Tawni O'Dell,Signet Book,http://images.amazon.com/images/P/0451202341.01.MZZZZZZZ.jpg
In Her Shoes : A Novel,Jennifer Weiner,Atria Books,http://images.amazon.com/images/P/0743418190.01.MZZZZZZZ.jpg
The Kiss,Danielle Steel,Delacorte Press,http://images.amazon.com/images/P/0385335407.01.MZZZZZZZ.jpg
Strangers,Dean R. Koontz,Berkley Publishing Group,http://images.amazon.com/images/P/0425181111.01.MZZZZZZZ.jpg
A Thousand Acres (Ballantine Reader's Circle),JANE SMILEY,Ballantine Books,http://images.amazon.com/images/P/0449907481.01.MZZZZZZZ.jpg
River's End,Nora Roberts,Jove Books,http://images.amazon.com/images/P/0515127833.01.MZZZZZZZ.jpg
The Chamber,John Grisham,Doubleday Books,http://images.amazon.com/images/P/0385424728.01.MZZZZZZZ.jpg
The Partner,John Grisham,Doubleday Books,http://images.amazon.com/images/P/0385472951.01.MZZZZZZZ.jpg
Chosen Prey,John Sandford,Berkley Publishing Group,http://images.amazon.com/images/P/0425182878.01.MZZZZZZZ.jpg
Guilty as Sin,TAMI HOAG,Bantam,http://images.amazon.com/images/P/0553564528.01.MZZZZZZZ.jpg
Night Sins,TAMI HOAG,Bantam,http://images.amazon.com/images/P/055356451X.01.MZZZZZZZ.jpg
"The Vampire Lestat (Vampire Chronicles, Book II)",ANNE RICE,Ballantine Books,http://images.amazon.com/images/P/0345313860.01.MZZZZZZZ.jpg
The Mummy or Ramses the Damned,Anne Rice,Ballantine Books,http://images.amazon.com/images/P/0345369947.01.MZZZZZZZ.jpg
Vanished,Danielle Steel,Delacorte Press,http://images.amazon.com/images/P/0385306032.01.MZZZZZZZ.jpg
Daisy Fay and the Miracle Man,Fannie Flagg,Warner Books,http://images.amazon.com/images/P/0446394521.01.MZZZZZZZ.jpg
Angela's Ashes: A Memoir,Frank McCourt,Scribner,http://images.amazon.com/images/P/068484267X.01.MZZZZZZZ.jpg
The Next Accident,LISA GARDNER,Bantam,http://images.amazon.com/images/P/0553578693.01.MZZZZZZZ.jpg
Fast Food Nation: The Dark Side of the All-American Meal,Eric Schlosser,Perennial,http://images.amazon.com/images/P/0060938455.01.MZZZZZZZ.jpg
Echoes,Maeve Binchy,Dell,http://images.amazon.com/images/P/0440122090.01.MZZZZZZZ.jpg
One for the Money (Stephanie Plum Novels (Paperback)),Janet Evanovich,HarperTorch,http://images.amazon.com/images/P/0061009059.01.MZZZZZZZ.jpg
Along Came a Spider (Alex Cross Novels),James Patterson,Warner Books,http://images.amazon.com/images/P/0446364193.01.MZZZZZZZ.jpg
Where the Heart Is (Oprah's Book Club (Paperback)),Billie Letts,Warner Books,http://images.amazon.com/images/P/0446672211.01.MZZZZZZZ.jpg
The Girls' Guide to Hunting and Fishing,Melissa Bank,Penguin Books,http://images.amazon.com/images/P/0140293248.01.MZZZZZZZ.jpg
Icy Sparks,Gwyn Hyman Rubio,Penguin Books,http://images.amazon.com/images/P/0142000205.01.MZZZZZZZ.jpg
The Da Vinci Code,Dan Brown,Doubleday,http://images.amazon.com/images/P/0385504209.01.MZZZZZZZ.jpg
A Map of the World,Jane Hamilton,Doubleday Books,http://images.amazon.com/images/P/0385500769.01.MZZZZZZZ.jpg
Bridget Jones : The Edge of Reason,Helen Fielding,Viking Books,http://images.amazon.com/images/P/0670892963.01.MZZZZZZZ.jpg
Big Trouble,Dave Barry,Berkley Publishing Group,http://images.amazon.com/images/P/0425184129.01.MZZZZZZZ.jpg
Snow Falling on Cedars,David Guterson,Harcourt,http://images.amazon.com/images/P/0151001006.01.MZZZZZZZ.jpg
Skipping Christmas,JOHN GRISHAM,Doubleday,http://images.amazon.com/images/P/0385505833.01.MZZZZZZZ.jpg
The Reader,Bernhard Schlink,Random House,http://images.amazon.com/images/P/0679442790.01.MZZZZZZZ.jpg
Daddy's Little Girl,Mary Higgins Clark,Simon &amp; Schuster,http://images.amazon.com/images/P/0743206045.01.MZZZZZZZ.jpg
If Only It Were True,Marc Levy,Atria,http://images.amazon.com/images/P/0743406176.01.MZZZZZZZ.jpg
Message in a Bottle,Nicholas Sparks,Warner Books,http://images.amazon.com/images/P/0446523569.01.MZZZZZZZ.jpg
The Guardian,Nicholas Sparks,Warner Books,http://images.amazon.com/images/P/0446527793.01.MZZZZZZZ.jpg
Nights in Rodanthe,Nicholas Sparks,Warner Books,http://images.amazon.com/images/P/0446531332.01.MZZZZZZZ.jpg
"Like Water for Chocolate: A Novel in Monthly Installments, With Recipes, Romances, and Home Remedies",Laura Esquivel,Doubleday Books,http://images.amazon.com/images/P/0385420161.01.MZZZZZZZ.jpg
"The Two Towers (The Lord of the Rings, Part 2)",J.R.R. TOLKIEN,Del Rey,http://images.amazon.com/images/P/0345339711.01.MZZZZZZZ.jpg
The Villa,Nora Roberts,Putnam Publishing Group,http://images.amazon.com/images/P/0399147128.01.MZZZZZZZ.jpg
Suzanne's Diary for Nicholas,James Patterson,"Little, Brown",http://images.amazon.com/images/P/0316969443.01.MZZZZZZZ.jpg
2nd Chance,James Patterson,"Little, Brown",http://images.amazon.com/images/P/0316693200.01.MZZZZZZZ.jpg
"The Bad Beginning (A Series of Unfortunate Events, Book 1)",Lemony Snicket,HarperCollins,http://images.amazon.com/images/P/0064407667.01.MZZZZZZZ.jpg
Me Talk Pretty One Day,David Sedaris,Back Bay Books,http://images.amazon.com/images/P/0316776963.01.MZZZZZZZ.jpg
The Door to December,Dean R. Koontz,Signet Book,http://images.amazon.com/images/P/0451181379.01.MZZZZZZZ.jpg
Dreamcatcher,Stephen King,Scribner,http://images.amazon.com/images/P/0743211383.01.MZZZZZZZ.jpg
Smilla's Sense of Snow,Peter Hoeg,Island,http://images.amazon.com/images/P/0440218535.01.MZZZZZZZ.jpg
The Giver (21st Century Reference),LOIS LOWRY,Laure Leaf,http://images.amazon.com/images/P/0440219078.01.MZZZZZZZ.jpg
Ender's Game (Ender Wiggins Saga (Paperback)),Orson Scott Card,Tor Books,http://images.amazon.com/images/P/0312853238.01.MZZZZZZZ.jpg
A Time to Kill,JOHN GRISHAM,Dell,http://images.amazon.com/images/P/0440211727.01.MZZZZZZZ.jpg
Charming Billy,Alice McDermott,Delta,http://images.amazon.com/images/P/038533334X.01.MZZZZZZZ.jpg
No Safe Place,RICHARD NORTH PATTERSON,Ballantine Books,http://images.amazon.com/images/P/0345404777.01.MZZZZZZZ.jpg
Granny Dan,DANIELLE STEEL,"Random House, Inc.",http://images.amazon.com/images/P/0440224829.01.MZZZZZZZ.jpg
Wuthering Heights,EMILY BRONTE,Bantam,http://images.amazon.com/images/P/0553212583.01.MZZZZZZZ.jpg
Toxin,Robin Cook,Berkley Publishing Group,http://images.amazon.com/images/P/0425166619.01.MZZZZZZZ.jpg
Dark Paradise,TAMI HOAG,Bantam,http://images.amazon.com/images/P/0553561618.01.MZZZZZZZ.jpg
Middlesex: A Novel,Jeffrey Eugenides,Picador,http://images.amazon.com/images/P/0312422156.01.MZZZZZZZ.jpg
The Rainmaker,JOHN GRISHAM,Dell,http://images.amazon.com/images/P/044022165X.01.MZZZZZZZ.jpg
The Bad Place,Dean R. Koontz,Berkley Publishing Group,http://images.amazon.com/images/P/0425124347.01.MZZZZZZZ.jpg
The Phantom Tollbooth,Norton Juster,Yearling Books,http://images.amazon.com/images/P/0394820371.01.MZZZZZZZ.jpg
Dances With Wolves,Michael Blake,Fawcett Books,http://images.amazon.com/images/P/0449134482.01.MZZZZZZZ.jpg
The Princess Bride: S Morgenstern's Classic Tale of True Love and High Adventure,WILLIAM GOLDMAN,Del Rey,http://images.amazon.com/images/P/0345348036.01.MZZZZZZZ.jpg
Degree of Guilt,Richard North Patterson,Ballantine Books,http://images.amazon.com/images/P/034538184X.01.MZZZZZZZ.jpg
SHIPPING NEWS,Annie Proulx,Scribner,http://images.amazon.com/images/P/0671510053.01.MZZZZZZZ.jpg
The Smoke Jumper,Nicholas Evans,Delacorte Press,http://images.amazon.com/images/P/0385334036.01.MZZZZZZZ.jpg
Anne of Green Gables (Anne of Green Gables Novels (Paperback)),L.M. MONTGOMERY,Bantam Classics,http://images.amazon.com/images/P/055321313X.01.MZZZZZZZ.jpg
Fall On Your Knees (Oprah #45),Ann-Marie MacDonald,Touchstone,http://images.amazon.com/images/P/0743237188.01.MZZZZZZZ.jpg
The Carousel,Belva Plain,Dell,http://images.amazon.com/images/P/0440216842.01.MZZZZZZZ.jpg
While I Was Gone,Sue Miller,Ballantine Books,http://images.amazon.com/images/P/0345443284.01.MZZZZZZZ.jpg
The House of the Spirits,Isabel Allende,Bantam Books,http://images.amazon.com/images/P/0553273914.01.MZZZZZZZ.jpg
Divine Secrets of the Ya-Ya Sisterhood: A Novel,Rebecca Wells,Perennial,http://images.amazon.com/images/P/0060928336.01.MZZZZZZZ.jpg
She's Come Undone (Oprah's Book Club (Paperback)),Wally Lamb,Washington Square Press,http://images.amazon.com/images/P/0671003755.01.MZZZZZZZ.jpg
STONES FROM THE RIVER,Ursula Hegi,Simon &amp; Schuster,http://images.amazon.com/images/P/0684844729.01.MZZZZZZZ.jpg
Dragonfly in Amber,DIANA GABALDON,Dell,http://images.amazon.com/images/P/0440215625.01.MZZZZZZZ.jpg
Naked,David Sedaris,Back Bay Books,http://images.amazon.com/images/P/0316777730.01.MZZZZZZZ.jpg
Kiss the Girls,James Patterson,Warner Books,http://images.amazon.com/images/P/0446601241.01.MZZZZZZZ.jpg
Different Seasons,Stephen King,Penguin Putnam~mass,http://images.amazon.com/images/P/0451124340.01.MZZZZZZZ.jpg
The Witching Hour (Lives of the Mayfair Witches),ANNE RICE,Ballantine Books,http://images.amazon.com/images/P/0345384466.01.MZZZZZZZ.jpg
Jack &amp; Jill (Alex Cross Novels),James Patterson,Warner Books,http://images.amazon.com/images/P/0446604801.01.MZZZZZZZ.jpg
American Gods,Neil Gaiman,HarperTorch,http://images.amazon.com/images/P/0380789035.01.MZZZZZZZ.jpg
Red Dragon,Thomas Harris,Dell Publishing Company,http://images.amazon.com/images/P/0440206154.01.MZZZZZZZ.jpg
Jurassic Park,Michael Crichton,Ballantine Books,http://images.amazon.com/images/P/0345370775.01.MZZZZZZZ.jpg
Stanislaski Brothers (Silhouette Promo),Nora Roberts,Silhouette,http://images.amazon.com/images/P/0373484224.01.MZZZZZZZ.jpg
Neverwhere,Neil Gaiman,Avon,http://images.amazon.com/images/P/0380789019.01.MZZZZZZZ.jpg
The Thorn Birds,Colleen McCullough,Avon,http://images.amazon.com/images/P/0380018179.01.MZZZZZZZ.jpg
"Forever... : A Novel of Good and Evil, Love and Hope",Jude Deveraux,Pocket,http://images.amazon.com/images/P/067101420X.01.MZZZZZZZ.jpg
Mother of Pearl,Melinda Haynes,Hyperion,http://images.amazon.com/images/P/0786866276.01.MZZZZZZZ.jpg
Choke,CHUCK PALAHNIUK,Anchor,http://images.amazon.com/images/P/0385720920.01.MZZZZZZZ.jpg
"Lamb : The Gospel According to Biff, Christ's Childhood Pal",Christopher Moore,Perennial,http://images.amazon.com/images/P/0380813815.01.MZZZZZZZ.jpg
Lake Wobegon Days,Garrison Keillor,Penguin/Puffin Mass Market (Mm),http://images.amazon.com/images/P/0140099832.01.MZZZZZZZ.jpg
The Color of Water: A Black Man's Tribute to His White Mother,James McBride,Riverhead Books,http://images.amazon.com/images/P/1573225789.01.MZZZZZZZ.jpg
Anne Frank: The Diary of a Young Girl,ANNE FRANK,Bantam,http://images.amazon.com/images/P/0553296981.01.MZZZZZZZ.jpg
Shopaholic Takes Manhattan (Summer Display Opportunity),Sophie Kinsella,Delta,http://images.amazon.com/images/P/0385335881.01.MZZZZZZZ.jpg
Confessions of a Shopaholic (Summer Display Opportunity),SOPHIE KINSELLA,Delta,http://images.amazon.com/images/P/0385335482.01.MZZZZZZZ.jpg
The Cider House Rules,John Irving,Bantam Books,http://images.amazon.com/images/P/0553258001.01.MZZZZZZZ.jpg
Good Omens,Neil Gaiman,Ace Books,http://images.amazon.com/images/P/0441003257.01.MZZZZZZZ.jpg
The Poisonwood Bible: A Novel,Barbara Kingsolver,Perennial,http://images.amazon.com/images/P/0060930535.01.MZZZZZZZ.jpg
A Lesson Before Dying (Vintage Contemporaries (Paperback)),Ernest J. Gaines,Vintage Books USA,http://images.amazon.com/images/P/0375702709.01.MZZZZZZZ.jpg
Jewel,Bret Lott,Washington Square Press,http://images.amazon.com/images/P/0671038184.01.MZZZZZZZ.jpg
A Prayer for Owen Meany,John Irving,Ballantine Books,http://images.amazon.com/images/P/0345361792.01.MZZZZZZZ.jpg
Cold Sassy Tree,Olive Ann Burns,Delta,http://images.amazon.com/images/P/038531258X.01.MZZZZZZZ.jpg
The Shipping News : A Novel,Annie Proulx,Scribner,http://images.amazon.com/images/P/0743225406.01.MZZZZZZZ.jpg
The No. 1 Ladies' Detective Agency (Today Show Book Club #8),Alexander McCall Smith,Anchor,http://images.amazon.com/images/P/1400034779.01.MZZZZZZZ.jpg
"Breath, Eyes, Memory",Edwidge Danticat,Vintage Books USA,http://images.amazon.com/images/P/037570504X.01.MZZZZZZZ.jpg
Songs in Ordinary Time (Oprah's Book Club (Paperback)),Mary McGarry Morris,Penguin Books,http://images.amazon.com/images/P/0140244824.01.MZZZZZZZ.jpg
Summer Sisters,Judy Blume,Delacorte Press,http://images.amazon.com/images/P/0385324057.01.MZZZZZZZ.jpg
At Home in Mitford (The Mitford Years),Jan Karon,Viking Books,http://images.amazon.com/images/P/014025448X.01.MZZZZZZZ.jpg
Bel Canto: A Novel,Ann Patchett,Perennial,http://images.amazon.com/images/P/0060934417.01.MZZZZZZZ.jpg
All Around the Town,Mary Higgins Clark,Pocket Star,http://images.amazon.com/images/P/0671793489.01.MZZZZZZZ.jpg
A Civil Action,JONATHAN HARR,Vintage,http://images.amazon.com/images/P/0679772677.01.MZZZZZZZ.jpg
Faking It,Jennifer Crusie,St. Martin's Paperbacks,http://images.amazon.com/images/P/0312983824.01.MZZZZZZZ.jpg
The Loop,Nicholas Evans,Dell Publishing Company,http://images.amazon.com/images/P/0440224624.01.MZZZZZZZ.jpg
Good in Bed,Jennifer Weiner,Washington Square Press,http://images.amazon.com/images/P/0743418174.01.MZZZZZZZ.jpg
We'll Meet Again,Mary Higgins Clark,Pocket,http://images.amazon.com/images/P/0671004565.01.MZZZZZZZ.jpg
How to Make an American Quilt,Whitney Otto,Ballantine Books,http://images.amazon.com/images/P/0345370805.01.MZZZZZZZ.jpg
Ellen Foster,Kaye Gibbons,Vintage Books,http://images.amazon.com/images/P/0375703055.01.MZZZZZZZ.jpg
The Hours : A Novel,Michael Cunningham,Picador,http://images.amazon.com/images/P/0312243022.01.MZZZZZZZ.jpg
Cold Mountain : A Novel,CHARLES FRAZIER,Vintage,http://images.amazon.com/images/P/0375700757.01.MZZZZZZZ.jpg
Fried Green Tomatoes at the Whistle Stop Cafe,Fannie Flagg,McGraw-Hill,http://images.amazon.com/images/P/0070212570.01.MZZZZZZZ.jpg
The Last Time They Met : A Novel,Anita Shreve,Back Bay Books,http://images.amazon.com/images/P/0316781266.01.MZZZZZZZ.jpg
The Green Mile,Stephen King,Pocket,http://images.amazon.com/images/P/0671032658.01.MZZZZZZZ.jpg
A Heartbreaking Work of Staggering Genius,Dave Eggers,Vintage Books USA,http://images.amazon.com/images/P/0375725784.01.MZZZZZZZ.jpg
"The Fellowship of the Ring (The Lord of the Rings, Part 1)",J.R.R. TOLKIEN,Del Rey,http://images.amazon.com/images/P/0345339703.01.MZZZZZZZ.jpg
Watership Down,Richard George Adams,Harpercollins,http://images.amazon.com/images/P/038039586X.01.MZZZZZZZ.jpg
The Blue Nowhere : A Novel,Jeffery Deaver,Pocket,http://images.amazon.com/images/P/0671042262.01.MZZZZZZZ.jpg
Sudden Prey,John Sandford,Berkley Publishing Group,http://images.amazon.com/images/P/0425157539.01.MZZZZZZZ.jpg
A Year in Provence,Peter Mayle,Vintage Books USA,http://images.amazon.com/images/P/0679731148.01.MZZZZZZZ.jpg
When the Wind Blows,James Patterson,Replica Books,http://images.amazon.com/images/P/0316693324.01.MZZZZZZZ.jpg
I Capture the Castle,Dodie Smith,St. Martin's Griffin,http://images.amazon.com/images/P/031231616X.01.MZZZZZZZ.jpg
What to Expect When You're Expecting (Revised Edition),Arlene Eisenberg,Workman Pub Co,http://images.amazon.com/images/P/089480829X.01.MZZZZZZZ.jpg
The Alchemist: A Fable About Following Your Dream,Paulo Coelho,HarperSanFrancisco,http://images.amazon.com/images/P/0062502174.01.MZZZZZZZ.jpg
Miss Julia Speaks Her Mind : A Novel,Ann B. Ross,Perennial,http://images.amazon.com/images/P/0688177751.01.MZZZZZZZ.jpg
Big Stone Gap: A Novel (Ballantine Reader's Circle),Adriana Trigiani,Ballantine Books,http://images.amazon.com/images/P/0345438329.01.MZZZZZZZ.jpg
Black Notice,Patricia Daniels Cornwell,Putnam Pub Group,http://images.amazon.com/images/P/0399145087.01.MZZZZZZZ.jpg
One for the Money (A Stephanie Plum Novel),Janet Evanovich,St. Martin's Paperbacks,http://images.amazon.com/images/P/0312990456.01.MZZZZZZZ.jpg
Lord of the Flies,William Gerald Golding,Perigee Trade,http://images.amazon.com/images/P/0399501487.01.MZZZZZZZ.jpg
The Alienist,Caleb Carr,Bantam Books,http://images.amazon.com/images/P/0553572997.01.MZZZZZZZ.jpg
Notes from a Small Island,Bill Bryson,Perennial,http://images.amazon.com/images/P/0380727501.01.MZZZZZZZ.jpg
Harvest,BELVA PLAIN,Dell,http://images.amazon.com/images/P/0440208912.01.MZZZZZZZ.jpg
Engaging The Enemy,Nora Roberts,Silhouette,http://images.amazon.com/images/P/0373218192.01.MZZZZZZZ.jpg
Into Thin Air : A Personal Account of the Mt. Everest Disaster,JON KRAKAUER,Anchor,http://images.amazon.com/images/P/0385494785.01.MZZZZZZZ.jpg
Into the Wild,Jon Krakauer,Anchor,http://images.amazon.com/images/P/0385486804.01.MZZZZZZZ.jpg
Cause of Death,Patricia Daniels Cornwell,Berkley Publishing Group,http://images.amazon.com/images/P/0425158616.01.MZZZZZZZ.jpg
The Poisonwood Bible,Barbara Kingsolver,HarperCollins,http://images.amazon.com/images/P/0060175400.01.MZZZZZZZ.jpg
Waiting to Exhale,Terry McMillan,Pocket,http://images.amazon.com/images/P/0671537458.01.MZZZZZZZ.jpg
Chromosome 6,Robin Cook,Berkley Publishing Group,http://images.amazon.com/images/P/0425161242.01.MZZZZZZZ.jpg
Point of Origin,Patricia Daniels Cornwell,Berkley Publishing Group,http://images.amazon.com/images/P/0425169863.01.MZZZZZZZ.jpg
Rising Sun,MICHAEL CRICHTON,Ballantine Books,http://images.amazon.com/images/P/0345380371.01.MZZZZZZZ.jpg
Cradle and All,James Patterson,Little Brown and Company,http://images.amazon.com/images/P/0316690619.01.MZZZZZZZ.jpg
1st to Die: A Novel,James Patterson,Warner Vision,http://images.amazon.com/images/P/0446610038.01.MZZZZZZZ.jpg
Flesh and Blood,Jonathan Kellerman,Random House,http://images.amazon.com/images/P/0679459626.01.MZZZZZZZ.jpg
Everything's Eventual : 14 Dark Tales,Stephen King,Pocket,http://images.amazon.com/images/P/0743457358.01.MZZZZZZZ.jpg
Here on Earth,Alice Hoffman,Berkley Publishing Group,http://images.amazon.com/images/P/0425167313.01.MZZZZZZZ.jpg
The Lost World,Michael Crichton,Ballantine Books,http://images.amazon.com/images/P/034540288X.01.MZZZZZZZ.jpg
Absolute Power,David Baldacci,Warner Books,http://images.amazon.com/images/P/0446519960.01.MZZZZZZZ.jpg
White Oleander : A Novel,Janet Fitch,"Little, Brown",http://images.amazon.com/images/P/0316182540.01.MZZZZZZZ.jpg
CAT'S EYE,MARGARET ATWOOD,Bantam,http://images.amazon.com/images/P/0553282476.01.MZZZZZZZ.jpg
The Handmaid's Tale,Margaret Atwood,Fawcett Books,http://images.amazon.com/images/P/0449212602.01.MZZZZZZZ.jpg
The Murder Book,Jonathan Kellerman,Ballantine Books,http://images.amazon.com/images/P/0345413903.01.MZZZZZZZ.jpg
Body of Lies,IRIS JOHANSEN,Bantam,http://images.amazon.com/images/P/0553582143.01.MZZZZZZZ.jpg
Lightning,Dean R. Koontz,Berkley Publishing Group,http://images.amazon.com/images/P/0425115801.01.MZZZZZZZ.jpg
Hearts In Atlantis,Stephen King,Pocket,http://images.amazon.com/images/P/0671024248.01.MZZZZZZZ.jpg
Winter Moon,Dean R. Koontz,Bantam Books,http://images.amazon.com/images/P/0553582933.01.MZZZZZZZ.jpg
Mercy,Julie Garwood,Pocket,http://images.amazon.com/images/P/0671034022.01.MZZZZZZZ.jpg
The Simple Truth,David Baldacci,Warner Books,http://images.amazon.com/images/P/0446607711.01.MZZZZZZZ.jpg
Last Man Standing,David Baldacci,Warner Books,http://images.amazon.com/images/P/0446525804.01.MZZZZZZZ.jpg
1984,George Orwell,Signet Book,http://images.amazon.com/images/P/0451524934.01.MZZZZZZZ.jpg
The Mists of Avalon,MARION ZIMMER BRADLEY,Del Rey,http://images.amazon.com/images/P/0345350499.01.MZZZZZZZ.jpg
Hot Six : A Stephanie Plum Novel (A Stephanie Plum Novel),Janet Evanovich,St. Martin's Paperbacks,http://images.amazon.com/images/P/0312976275.01.MZZZZZZZ.jpg
Jemima J: A Novel About Ugly Ducklings and Swans,Jane Green,Broadway Books,http://images.amazon.com/images/P/0767905180.01.MZZZZZZZ.jpg
Now You See Her,Linda Howard,Pocket Books,http://images.amazon.com/images/P/0743482891.01.MZZZZZZZ.jpg
Harry Potter and the Sorcerer's Stone (Harry Potter (Paperback)),J. K. Rowling,Arthur A. Levine Books,http://images.amazon.com/images/P/059035342X.01.MZZZZZZZ.jpg
Sea Glass: A Novel,Anita Shreve,Back Bay Books,http://images.amazon.com/images/P/0316089699.01.MZZZZZZZ.jpg
Kaleidoscope,June Stepansky,A Different Voice Publishing Co.,http://images.amazon.com/images/P/0884092097.01.MZZZZZZZ.jpg
Seven Habits Of Highly Effective People,Stephen R. Covey,Free Press,http://images.amazon.com/images/P/0671708635.01.MZZZZZZZ.jpg
The Andromeda Strain,MICHAEL CRICHTON,Ballantine Books,http://images.amazon.com/images/P/0345378482.01.MZZZZZZZ.jpg
"Loves Music, Loves to Dance",Mary Higgins Clark,Pocket,http://images.amazon.com/images/P/0671758896.01.MZZZZZZZ.jpg
Dolores Claiborne,Stephen King,Signet Book,http://images.amazon.com/images/P/0451177096.01.MZZZZZZZ.jpg
Clear and Present Danger (Jack Ryan Novels),Tom Clancy,Berkley Publishing Group,http://images.amazon.com/images/P/0425122123.01.MZZZZZZZ.jpg
"Tuesdays with Morrie: An Old Man, a Young Man, and Life's Greatest Lesson",MITCH ALBOM,Doubleday,http://images.amazon.com/images/P/0385484518.01.MZZZZZZZ.jpg
Tell No One,Harlan Coben,Dell Publishing Company,http://images.amazon.com/images/P/0440236703.01.MZZZZZZZ.jpg
The Sum of All Fears (Jack Ryan Novels),Tom Clancy,Berkley Publishing Group,http://images.amazon.com/images/P/0425133540.01.MZZZZZZZ.jpg
WLD ACCORDNG GARP,John Irving,Pocket,http://images.amazon.com/images/P/0671822209.01.MZZZZZZZ.jpg
The First Counsel,Brad Meltzer,Warner Books,http://images.amazon.com/images/P/0446527289.01.MZZZZZZZ.jpg
Mystic River,Dennis Lehane,HarperTorch,http://images.amazon.com/images/P/0380731851.01.MZZZZZZZ.jpg
The Jester,James Patterson,"Little, Brown",http://images.amazon.com/images/P/0316602051.01.MZZZZZZZ.jpg
Watermelon,Marian Keyes,Avon,http://images.amazon.com/images/P/0380796090.01.MZZZZZZZ.jpg
Sick Puppy,Carl Hiaasen,Warner Vision,http://images.amazon.com/images/P/0446604666.01.MZZZZZZZ.jpg
Fear Nothing,DEAN KOONTZ,Bantam,http://images.amazon.com/images/P/0553579754.01.MZZZZZZZ.jpg
J Is for Judgment,Sue Grafton,Fawcett Books,http://images.amazon.com/images/P/0449221482.01.MZZZZZZZ.jpg
A Is for Alibi (Kinsey Millhone Mysteries (Paperback)),SUE GRAFTON,Bantam,http://images.amazon.com/images/P/0553279912.01.MZZZZZZZ.jpg
Sphere,MICHAEL CRICHTON,Ballantine Books,http://images.amazon.com/images/P/0345353145.01.MZZZZZZZ.jpg
The Pelican Brief,John Grisham,Dell,http://images.amazon.com/images/P/0440214041.01.MZZZZZZZ.jpg
Bridget Jones: The Edge of Reason,Helen Fielding,Penguin Books,http://images.amazon.com/images/P/0140298479.01.MZZZZZZZ.jpg
Don't Stand Too Close to a Naked Man,Tim Allen,Hyperion,http://images.amazon.com/images/P/0786889020.01.MZZZZZZZ.jpg
Interview with the Vampire,Anne Rice,Ballantine Books,http://images.amazon.com/images/P/0345337662.01.MZZZZZZZ.jpg
The Queen of the Damned (Vampire Chronicles (Paperback)),Anne Rice,Ballantine Books,http://images.amazon.com/images/P/0345351525.01.MZZZZZZZ.jpg
"\O\"" Is for Outlaw""",SUE GRAFTON,Ballantine Books,http://images.amazon.com/images/P/0449003787.01.MZZZZZZZ.jpg
The Book of Ruth (Oprah's Book Club (Paperback)),Jane Hamilton,Anchor,http://images.amazon.com/images/P/0385265700.01.MZZZZZZZ.jpg
How to Be Good,Nick Hornby,Riverhead Books,http://images.amazon.com/images/P/1573229326.01.MZZZZZZZ.jpg
The Color Purple,Alice Walker,Pocket Books,http://images.amazon.com/images/P/0671617028.01.MZZZZZZZ.jpg
Mirror Image,Danielle Steel,Dell Publishing Company,http://images.amazon.com/images/P/0440224772.01.MZZZZZZZ.jpg
The Notebook,Nicholas Sparks,Warner Books,http://images.amazon.com/images/P/0446605239.01.MZZZZZZZ.jpg
Carnal Innocence,Nora Roberts,Bantam Books,http://images.amazon.com/images/P/0553295977.01.MZZZZZZZ.jpg
You Belong To Me,Mary Higgins Clark,Pocket Books,http://images.amazon.com/images/P/0671004549.01.MZZZZZZZ.jpg
Peace Like a River,Leif Enger,Grove Press,http://images.amazon.com/images/P/0802139256.01.MZZZZZZZ.jpg
Cry Wolf,TAMI HOAG,Bantam,http://images.amazon.com/images/P/055356160X.01.MZZZZZZZ.jpg
Montana Sky,Nora Roberts,Jove Books,http://images.amazon.com/images/P/0515120618.01.MZZZZZZZ.jpg
Carolina Moon,Nora Roberts,Jove Books,http://images.amazon.com/images/P/0515130389.01.MZZZZZZZ.jpg
Three Fates,Nora Roberts,Jove Books,http://images.amazon.com/images/P/0515135062.01.MZZZZZZZ.jpg
Pay It Forward,Catherine Ryan Hyde,Pocket,http://images.amazon.com/images/P/0743412028.01.MZZZZZZZ.jpg
Bastard Out of Carolina,Dorothy Allison,Plume Books,http://images.amazon.com/images/P/0452269571.01.MZZZZZZZ.jpg
Face the Fire (Three Sisters Island Trilogy),Nora Roberts,Jove Books,http://images.amazon.com/images/P/051513287X.01.MZZZZZZZ.jpg
Stupid White Men ...and Other Sorry Excuses for the State of the Nation!,Michael Moore,Regan Books,http://images.amazon.com/images/P/0060392452.01.MZZZZZZZ.jpg
Harry Potter and the Sorcerer's Stone (Book 1),J. K. Rowling,Scholastic,http://images.amazon.com/images/P/0590353403.01.MZZZZZZZ.jpg
"Dude, Where's My Country?",Michael Moore,Warner Books,http://images.amazon.com/images/P/0446532231.01.MZZZZZZZ.jpg
Homecoming,Cynthia Voigt,Fawcett Books,http://images.amazon.com/images/P/0449702545.01.MZZZZZZZ.jpg
Phantoms,Dean R. Koontz,Berkley Publishing Group,http://images.amazon.com/images/P/0425101452.01.MZZZZZZZ.jpg
ANGELA'S ASHES,Frank McCourt,Scribner,http://images.amazon.com/images/P/0684874350.01.MZZZZZZZ.jpg
Violets Are Blue,James Patterson,Warner Vision,http://images.amazon.com/images/P/0446611212.01.MZZZZZZZ.jpg
The Dogs of Babel (Today Show Book Club #12),Carolyn Parkhurst,"Little, Brown",http://images.amazon.com/images/P/0316168688.01.MZZZZZZZ.jpg
Contagion,Robin Cook,Berkley Publishing Group,http://images.amazon.com/images/P/0425155943.01.MZZZZZZZ.jpg
The Tale of the Body Thief (Vampire Chronicles (Paperback)),Anne Rice,Ballantine Books,http://images.amazon.com/images/P/034538475X.01.MZZZZZZZ.jpg
Cruel &amp; Unusual (Kay Scarpetta Mysteries (Paperback)),Patricia D. Cornwell,Avon,http://images.amazon.com/images/P/0380718340.01.MZZZZZZZ.jpg
Misery,Stephen King,New Amer Library,http://images.amazon.com/images/P/0451153553.01.MZZZZZZZ.jpg
The Eyre Affair: A Novel,Jasper Fforde,Penguin Books,http://images.amazon.com/images/P/0142001805.01.MZZZZZZZ.jpg
The Body Farm,Patricia Daniels Cornwell,Berkley Publishing Group,http://images.amazon.com/images/P/0425147622.01.MZZZZZZZ.jpg
Mortal Fear,Greg Iles,Signet Book,http://images.amazon.com/images/P/0451180410.01.MZZZZZZZ.jpg
By the Light of the Moon,DEAN KOONTZ,Bantam,http://images.amazon.com/images/P/0553582763.01.MZZZZZZZ.jpg
Watchers,Dean R. Koontz,Berkley Publishing Group,http://images.amazon.com/images/P/0425188809.01.MZZZZZZZ.jpg
Intensity,DEAN KOONTZ,Ballantine Books,http://images.amazon.com/images/P/0345384369.01.MZZZZZZZ.jpg
Dark Rivers of the Heart,Dean R. Koontz,Ballantine Books,http://images.amazon.com/images/P/034539657X.01.MZZZZZZZ.jpg
Mr. Murder,Dean R. Koontz,Berkley Publishing Group,http://images.amazon.com/images/P/0425144429.01.MZZZZZZZ.jpg
The Hours: A Novel,Michael Cunningham,Picador,http://images.amazon.com/images/P/0312305060.01.MZZZZZZZ.jpg
A Day Late and a Dollar Short,Terry McMillan,Signet Book,http://images.amazon.com/images/P/0451204948.01.MZZZZZZZ.jpg
Rainbow Six,Tom Clancy,Putnam Publishing Group,http://images.amazon.com/images/P/0399144137.01.MZZZZZZZ.jpg
The Bonesetter's Daughter,Amy Tan,Putnam Publishing Group,http://images.amazon.com/images/P/0399146431.01.MZZZZZZZ.jpg
The Hundred Secret Senses,Amy Tan,Putnam Pub Group,http://images.amazon.com/images/P/0399141146.01.MZZZZZZZ.jpg
Midwives: A Novel,Chris Bohjalian,Vintage,http://images.amazon.com/images/P/0375706771.01.MZZZZZZZ.jpg
Song of Solomon (Oprah's Book Club (Paperback)),Toni Morrison,Plume Books,http://images.amazon.com/images/P/0452260116.01.MZZZZZZZ.jpg
I Know This Much Is True,Wally Lamb,Regan Books,http://images.amazon.com/images/P/0060987561.01.MZZZZZZZ.jpg
To the Nines: A Stephanie Plum Novel,Janet Evanovich,St. Martin's Press,http://images.amazon.com/images/P/0312265867.01.MZZZZZZZ.jpg
The Witness,Sandra Brown,Warner Books,http://images.amazon.com/images/P/0446603309.01.MZZZZZZZ.jpg
Don't Sweat the Small Stuff and It's All Small Stuff : Simple Ways to Keep the Little Things from Taking Over Your Life (Don't Sweat the Small Stuff Series),Richard Carlson,Hyperion,http://images.amazon.com/images/P/0786881852.01.MZZZZZZZ.jpg
Call of the Wild,Jack London,Selldowns/no More Orders,http://images.amazon.com/images/P/1559029838.01.MZZZZZZZ.jpg
"Girl, Interrupted",SUSANNA KAYSEN,Vintage,http://images.amazon.com/images/P/0679746048.01.MZZZZZZZ.jpg
Whispers,BELVA PLAIN,Dell,http://images.amazon.com/images/P/0440216745.01.MZZZZZZZ.jpg
Four To Score (A Stephanie Plum Novel),Janet Evanovich,St. Martin's Paperbacks,http://images.amazon.com/images/P/0312966970.01.MZZZZZZZ.jpg
Rising Tides,Nora Roberts,Jove Books,http://images.amazon.com/images/P/051512317X.01.MZZZZZZZ.jpg
High Five (A Stephanie Plum Novel),Janet Evanovich,St. Martin's Paperbacks,http://images.amazon.com/images/P/0312971346.01.MZZZZZZZ.jpg
Five Quarters of the Orange,Joanne Harris,Perennial,http://images.amazon.com/images/P/0060958022.01.MZZZZZZZ.jpg
"Like Water for Chocolate: A Novel in Monthly Installments With Recipes, Romances and Home Remedies",Laura Esquivel,Anchor Books/Doubleday,http://images.amazon.com/images/P/0385474016.01.MZZZZZZZ.jpg
"A Child Called \It\"": One Child's Courage to Survive""",Dave Pelzer,Health Communications,http://images.amazon.com/images/P/1558743669.01.MZZZZZZZ.jpg
Final Target,Iris Johansen,Bantam Books,http://images.amazon.com/images/P/0553582135.01.MZZZZZZZ.jpg
Tribulation Force: The Continuing Drama of Those Left Behind (Left Behind No. 2),Tim LaHaye,Tyndale House Publishers,http://images.amazon.com/images/P/0842329218.01.MZZZZZZZ.jpg
The Runaway Jury,JOHN GRISHAM,Dell,http://images.amazon.com/images/P/0440221471.01.MZZZZZZZ.jpg
Without Remorse,Tom Clancy,Berkley Publishing Group,http://images.amazon.com/images/P/0425143325.01.MZZZZZZZ.jpg
The Woman Next Door,Barbara Delinsky,Pocket,http://images.amazon.com/images/P/0743411250.01.MZZZZZZZ.jpg
The Divine Secrets of the Ya-Ya Sisterhood: A Novel,Rebecca Wells,HarperTorch,http://images.amazon.com/images/P/0060502258.01.MZZZZZZZ.jpg
The Hobbit : The Enchanting Prelude to The Lord of the Rings,J.R.R. TOLKIEN,Del Rey,http://images.amazon.com/images/P/0345339681.01.MZZZZZZZ.jpg
Tales of a Fourth Grade Nothing,JUDY BLUME,Yearling,http://images.amazon.com/images/P/044048474X.01.MZZZZZZZ.jpg
The Clinic (Alex Delaware Novels (Paperback)),Jonathan Kellerman,Bantam Books,http://images.amazon.com/images/P/055357230X.01.MZZZZZZZ.jpg
Hornet's Nest,Patricia Daniels Cornwell,Putnam Publishing Group,http://images.amazon.com/images/P/0399142282.01.MZZZZZZZ.jpg
The Temple of My Familiar,Alice Walker,Pocket,http://images.amazon.com/images/P/0671683993.01.MZZZZZZZ.jpg
Harry Potter and the Chamber of Secrets (Book 2),J. K. Rowling,Scholastic,http://images.amazon.com/images/P/0439064872.01.MZZZZZZZ.jpg
Love in the Time of Cholera (Penguin Great Books of the 20th Century),Gabriel Garcia Marquez,Penguin Books,http://images.amazon.com/images/P/0140119906.01.MZZZZZZZ.jpg
It,Stephen King,Trafalgar Square,http://images.amazon.com/images/P/0450411435.01.MZZZZZZZ.jpg
Ashes to Ashes,TAMI HOAG,Bantam,http://images.amazon.com/images/P/0553579606.01.MZZZZZZZ.jpg
Insomnia,Stephen King,Viking Books,http://images.amazon.com/images/P/0670855030.01.MZZZZZZZ.jpg
Stillwatch,MARY HIGGINS CLARK,Dell,http://images.amazon.com/images/P/0440183057.01.MZZZZZZZ.jpg
Tis: A Memoir,Frank McCourt,Simon &amp; Schuster,http://images.amazon.com/images/P/0743200985.01.MZZZZZZZ.jpg
Midnight,Dean R. Koontz,Berkley Publishing Group,http://images.amazon.com/images/P/0425118703.01.MZZZZZZZ.jpg
Unnatural Exposure,Cornwell Patricia,Little Brown Company,http://images.amazon.com/images/P/0316639842.01.MZZZZZZZ.jpg
Slammerkin,Emma Donoghue,Harcourt,http://images.amazon.com/images/P/0151006725.01.MZZZZZZZ.jpg
The Plains of Passage (Earth's Children (Paperback)),JEAN M. AUEL,Bantam,http://images.amazon.com/images/P/0553289411.01.MZZZZZZZ.jpg
The Surgeon,TESS GERRITSEN,Ballantine Books,http://images.amazon.com/images/P/0345447840.01.MZZZZZZZ.jpg
Presumed Innocent,Scott Turow,Warner Books,http://images.amazon.com/images/P/0446359866.01.MZZZZZZZ.jpg
Anne of Avonlea (Anne of Green Gables Novels (Paperback)),L.M. MONTGOMERY,Bantam Classics,http://images.amazon.com/images/P/0553213148.01.MZZZZZZZ.jpg
It Was on Fire When I Lay Down on It,Robert Fulghum,Random House Inc,http://images.amazon.com/images/P/0394580567.01.MZZZZZZZ.jpg
Pleading Guilty,Scott Turow,Warner Books,http://images.amazon.com/images/P/0446365505.01.MZZZZZZZ.jpg
Politically Correct Bedtime Stories: Modern Tales for Our Life and Times,James Finn Garner,John Wiley &amp; Sons Inc,http://images.amazon.com/images/P/002542730X.01.MZZZZZZZ.jpg
4 Blondes,Candace Bushnell,Signet Book,http://images.amazon.com/images/P/0451203895.01.MZZZZZZZ.jpg
Night,Elie Wiesel,Bantam Books,http://images.amazon.com/images/P/0553272535.01.MZZZZZZZ.jpg
The Secret Garden,Frances Hodgson Burnett,Tor Books,http://images.amazon.com/images/P/0812505018.01.MZZZZZZZ.jpg
Black House,Stephen King,Random House Trade,http://images.amazon.com/images/P/0375504397.01.MZZZZZZZ.jpg
Falling Angels,Tracy Chevalier,Plume Books,http://images.amazon.com/images/P/0452283205.01.MZZZZZZZ.jpg
Christine,Stephen King,New Amer Library,http://images.amazon.com/images/P/0451139739.01.MZZZZZZZ.jpg
The Valley of Horses,JEAN M. AUEL,Bantam,http://images.amazon.com/images/P/0553250531.01.MZZZZZZZ.jpg
Desperation,Stephen King,Signet Book,http://images.amazon.com/images/P/0451188462.01.MZZZZZZZ.jpg
Harry Potter and the Prisoner of Azkaban (Book 3),J. K. Rowling,Scholastic,http://images.amazon.com/images/P/0439136350.01.MZZZZZZZ.jpg
Charlotte's Web (Trophy Newbery),E. B. White,HarperTrophy,http://images.amazon.com/images/P/0064400557.01.MZZZZZZZ.jpg
Primary Colors: A Novel of Politics,Anonymous,Random House Inc,http://images.amazon.com/images/P/0679448594.01.MZZZZZZZ.jpg
The Lottery Winner : Alvirah And Willy Stories,Mary Higgins Clark,Pocket,http://images.amazon.com/images/P/0671867172.01.MZZZZZZZ.jpg
The Gift,DANIELLE STEEL,Dell,http://images.amazon.com/images/P/0440221315.01.MZZZZZZZ.jpg
A Bend in the Road,Nicholas Sparks,Warner Books,http://images.amazon.com/images/P/0446527785.01.MZZZZZZZ.jpg
The Great Gatsby,F. Scott Fitzgerald,Lb May &amp; Assoc Inc,http://images.amazon.com/images/P/185326041X.01.MZZZZZZZ.jpg
Lucky : A Memoir,Alice Sebold,Back Bay Books,http://images.amazon.com/images/P/0316096199.01.MZZZZZZZ.jpg
Bittersweet,DANIELLE STEEL,Dell,http://images.amazon.com/images/P/0440224845.01.MZZZZZZZ.jpg
Weep No More My Lady,Mary Higgins Clark,Dell,http://images.amazon.com/images/P/0440200989.01.MZZZZZZZ.jpg
Let Me Call You Sweetheart,Mary Higgins Clark,Pocket,http://images.amazon.com/images/P/0671568175.01.MZZZZZZZ.jpg
K Is for Killer (Kinsey Millhone Mysteries (Paperback)),Sue Grafton,Fawcett Books,http://images.amazon.com/images/P/0449221504.01.MZZZZZZZ.jpg
Unspeakable,Sandra Brown,Warner Books,http://images.amazon.com/images/P/0446607193.01.MZZZZZZZ.jpg
Irish Hearts,Nora Roberts,Silhouette,http://images.amazon.com/images/P/0373484003.01.MZZZZZZZ.jpg
Circle of Friends,Maeve Binchy,Dell,http://images.amazon.com/images/P/0440211263.01.MZZZZZZZ.jpg
The Bourne Identity,Robert Ludlum,Bantam Books,http://images.amazon.com/images/P/0553260111.01.MZZZZZZZ.jpg
Under the Tuscan Sun,Frances Mayes,Broadway,http://images.amazon.com/images/P/0767900383.01.MZZZZZZZ.jpg
Heartbreaker,Julie Garwood,Pocket,http://images.amazon.com/images/P/0671034006.01.MZZZZZZZ.jpg
The Cardinal of the Kremlin (Jack Ryan Novels),Tom Clancy,Berkley Publishing Group,http://images.amazon.com/images/P/0425116840.01.MZZZZZZZ.jpg
Southern Cross,Patricia Daniels Cornwell,Putnam Pub Group,http://images.amazon.com/images/P/039914465X.01.MZZZZZZZ.jpg
Bag of Bones,Stephen King,Pocket,http://images.amazon.com/images/P/067102423X.01.MZZZZZZZ.jpg
Brave New World,Aldous Huxley,Harpercollins,http://images.amazon.com/images/P/0060809833.01.MZZZZZZZ.jpg
The Prince of Tides,Pat Conroy,Bantam Books,http://images.amazon.com/images/P/0553268880.01.MZZZZZZZ.jpg
The Honk and Holler Opening Soon,Billie Letts,Warner Books,http://images.amazon.com/images/P/0446521582.01.MZZZZZZZ.jpg
Shopaholic Ties the Knot,Sophie Kinsella,Delta,http://images.amazon.com/images/P/0385336179.01.MZZZZZZZ.jpg
One Door Away from Heaven,Dean R. Koontz,Bantam Books,http://images.amazon.com/images/P/0553582755.01.MZZZZZZZ.jpg
The Bridges of Madison County,Robert James Waller,Warner Books,http://images.amazon.com/images/P/044651652X.01.MZZZZZZZ.jpg
"The Return of the King (The Lord of the Rings, Part 3)",J.R.R. TOLKIEN,Del Rey,http://images.amazon.com/images/P/0345339738.01.MZZZZZZZ.jpg
Ladder of Years,Anne Tyler,Random House Inc,http://images.amazon.com/images/P/0679441557.01.MZZZZZZZ.jpg
High Fidelity,Nick Hornby,Riverhead Books,http://images.amazon.com/images/P/1573225517.01.MZZZZZZZ.jpg
Prodigal Summer,Barbara Kingsolver,HarperCollins,http://images.amazon.com/images/P/0060199652.01.MZZZZZZZ.jpg
White Oleander : A Novel (Oprah's Book Club),Janet Fitch,Back Bay Books,http://images.amazon.com/images/P/0316284955.01.MZZZZZZZ.jpg
Confessions of an Ugly Stepsister : A Novel,Gregory Maguire,Regan Books,http://images.amazon.com/images/P/0060987529.01.MZZZZZZZ.jpg
Zen and the Art of Motorcycle Maintenance: An Inquiry into Values,ROBERT PIRSIG,Bantam,http://images.amazon.com/images/P/0553277472.01.MZZZZZZZ.jpg
The Accidental Tourist,Anne Tyler,Berkley Publishing Group,http://images.amazon.com/images/P/0425161617.01.MZZZZZZZ.jpg
Dying for Chocolate (Culinary Mysteries (Paperback)),DIANE MOTT DAVIDSON,Bantam,http://images.amazon.com/images/P/0553560247.01.MZZZZZZZ.jpg
The Reef,Nora Roberts,Jove Books,http://images.amazon.com/images/P/051512608X.01.MZZZZZZZ.jpg
Prime Cut,Diane Mott Davidson,Bantam Books,http://images.amazon.com/images/P/0553574671.01.MZZZZZZZ.jpg
House of Sand and Fog,Andre Dubus III,Vintage Books,http://images.amazon.com/images/P/0375727345.01.MZZZZZZZ.jpg
Saving Faith,David Baldacci,Warner Vision,http://images.amazon.com/images/P/0446608890.01.MZZZZZZZ.jpg
The Mulberry Tree,Jude Deveraux,Pocket,http://images.amazon.com/images/P/0743437640.01.MZZZZZZZ.jpg
White Teeth: A Novel,Zadie Smith,Vintage Books USA,http://images.amazon.com/images/P/0375703861.01.MZZZZZZZ.jpg
Sophie's World: A Novel About the History of Philosophy,Jostein Gaarder,Berkley Publishing Group,http://images.amazon.com/images/P/0425152251.01.MZZZZZZZ.jpg
Silence of the Lambs,Thomas Harris,St. Martin's Press,http://images.amazon.com/images/P/0312924585.01.MZZZZZZZ.jpg
The Hot Zone,Richard Preston,Anchor,http://images.amazon.com/images/P/0385479565.01.MZZZZZZZ.jpg
The Rapture of Canaan,Sheri Reynolds,Berkley Publishing Group,http://images.amazon.com/images/P/0425162443.01.MZZZZZZZ.jpg
Heaven and Earth (Three Sisters Island Trilogy),Nora Roberts,Jove Books,http://images.amazon.com/images/P/0515132020.01.MZZZZZZZ.jpg
Dance upon the Air (Three Sisters Island Trilogy),Nora Roberts,Jove Books,http://images.amazon.com/images/P/0515131229.01.MZZZZZZZ.jpg
What Looks Like Crazy On An Ordinary Day,Pearl Cleage,Perennial,http://images.amazon.com/images/P/038079487X.01.MZZZZZZZ.jpg
Angela's Ashes (MMP) : A Memoir,Frank McCourt,Scribner,http://images.amazon.com/images/P/0684872153.01.MZZZZZZZ.jpg
Nerd in Shining Armor,Vicki Lewis Thompson,Dell Publishing Company,http://images.amazon.com/images/P/0440241162.01.MZZZZZZZ.jpg
Range of Motion,Elizabeth Berg,Jove Books,http://images.amazon.com/images/P/0515119784.01.MZZZZZZZ.jpg
"The Reptile Room (A Series of Unfortunate Events, Book 2)",Lemony Snicket,HarperCollins,http://images.amazon.com/images/P/0064407675.01.MZZZZZZZ.jpg
Coraline,Neil Gaiman,HarperCollins,http://images.amazon.com/images/P/0380977788.01.MZZZZZZZ.jpg
Guilty Pleasures (Anita Blake Vampire Hunter (Paperback)),Laurell K. Hamilton,Ace Books,http://images.amazon.com/images/P/0441304834.01.MZZZZZZZ.jpg
Long After Midnight,IRIS JOHANSEN,Bantam,http://images.amazon.com/images/P/0553571818.01.MZZZZZZZ.jpg
Disclosure,Michael Crichton,Ballantine Books,http://images.amazon.com/images/P/0345391055.01.MZZZZZZZ.jpg
The Idiot Girls' Action Adventure Club,Laurie Notaro,Villard Books,http://images.amazon.com/images/P/0375760911.01.MZZZZZZZ.jpg
How Stella Got Her Groove Back,Terry McMillan,Signet Book,http://images.amazon.com/images/P/0451197410.01.MZZZZZZZ.jpg
The Pilot's Wife : A Novel,Anita Shreve,Back Bay Books,http://images.amazon.com/images/P/0316601950.01.MZZZZZZZ.jpg
About a Boy,Nick Hornby,Riverhead Books,http://images.amazon.com/images/P/1573227331.01.MZZZZZZZ.jpg
A Patchwork Planet,ANNE TYLER,Ballantine Books,http://images.amazon.com/images/P/080411918X.01.MZZZZZZZ.jpg
Dangerous,Amanda Quick,Bantam,http://images.amazon.com/images/P/0553293176.01.MZZZZZZZ.jpg
Outlander,DIANA GABALDON,Dell,http://images.amazon.com/images/P/0440222915.01.MZZZZZZZ.jpg
Blessings,ANNA QUINDLEN,Random House,http://images.amazon.com/images/P/0375502238.01.MZZZZZZZ.jpg
Shell Seekers,Rosamunde Pilcher,Dell,http://images.amazon.com/images/P/0440202043.01.MZZZZZZZ.jpg
A Case of Need,Michael Crichton,Signet Book,http://images.amazon.com/images/P/0451183665.01.MZZZZZZZ.jpg
Death du Jour,Kathy Reichs,Scribner,http://images.amazon.com/images/P/0684841185.01.MZZZZZZZ.jpg
Pop Goes the Weasel,James Patterson,Replica Books,http://images.amazon.com/images/P/0316693286.01.MZZZZZZZ.jpg
Last Chance Saloon,Marian Keyes,Perennial,http://images.amazon.com/images/P/0060086246.01.MZZZZZZZ.jpg
The Devil Wears Prada : A Novel,LAUREN WEISBERGER,Doubleday,http://images.amazon.com/images/P/038550926X.01.MZZZZZZZ.jpg
On the Street Where You Live,Mary Higgins Clark,Pocket,http://images.amazon.com/images/P/0671004530.01.MZZZZZZZ.jpg
Winter Solstice,Rosamunde Pilcher,Thomas Dunne Books,http://images.amazon.com/images/P/0312244266.01.MZZZZZZZ.jpg
We Were the Mulvaneys,Joyce Carol Oates,Plume,http://images.amazon.com/images/P/0452282829.01.MZZZZZZZ.jpg
Cujo,Stephen King,Distribooks Int'l+inc,http://images.amazon.com/images/P/8878242357.01.MZZZZZZZ.jpg
Balzac and the Little Chinese Seamstress : A Novel,DAI SIJIE,Anchor,http://images.amazon.com/images/P/0385722206.01.MZZZZZZZ.jpg
Year of Wonders,Geraldine Brooks,Penguin Books,http://images.amazon.com/images/P/0142001430.01.MZZZZZZZ.jpg
The Search,Iris Johansen,Bantam Books,http://images.amazon.com/images/P/0553800914.01.MZZZZZZZ.jpg
All I Really Need to Know,ROBERT FULGHUM,Ivy Books,http://images.amazon.com/images/P/080410526X.01.MZZZZZZZ.jpg
Tara Road,Maeve Binchy,Dell Publishing Company,http://images.amazon.com/images/P/0440235596.01.MZZZZZZZ.jpg
Chocolat,Joanne Harris,Black Swan,http://images.amazon.com/images/P/0552998486.01.MZZZZZZZ.jpg
Harry Potter and the Goblet of Fire (Book 4),J. K. Rowling,Scholastic,http://images.amazon.com/images/P/0439139597.01.MZZZZZZZ.jpg
P Is for Peril,Sue Grafton,Ballantine Books,http://images.amazon.com/images/P/0449003795.01.MZZZZZZZ.jpg
Beach House,Mary Alice Monroe,Mira,http://images.amazon.com/images/P/1551668998.01.MZZZZZZZ.jpg
The Celestine Prophecy (Celestine Prophecy),James Redfield,Warner Books,http://images.amazon.com/images/P/044651862X.01.MZZZZZZZ.jpg
Harry Potter and the Order of the Phoenix (Book 5),J. K. Rowling,Scholastic,http://images.amazon.com/images/P/043935806X.01.MZZZZZZZ.jpg
Hideaway,Dean R. Koontz,Berkley Publishing Group,http://images.amazon.com/images/P/042513525X.01.MZZZZZZZ.jpg
The Tommyknockers,Stephen King,Signet Book,http://images.amazon.com/images/P/0451156609.01.MZZZZZZZ.jpg
Tears of the Giraffe (No.1 Ladies Detective Agency),Alexander McCall Smith,Anchor,http://images.amazon.com/images/P/1400031354.01.MZZZZZZZ.jpg
A Walk to Remember,Nicholas Sparks,Warner Books,http://images.amazon.com/images/P/0446608955.01.MZZZZZZZ.jpg
Journey,James A. Michener,Fawcett Books,http://images.amazon.com/images/P/0449218473.01.MZZZZZZZ.jpg
Holes (Yearling Newbery),LOUIS SACHAR,Yearling,http://images.amazon.com/images/P/0440414806.01.MZZZZZZZ.jpg
The Summons,John Grisham,Dell Publishing Company,http://images.amazon.com/images/P/0440241073.01.MZZZZZZZ.jpg
The Winner,David Baldacci,Warner Vision,http://images.amazon.com/images/P/0446606324.01.MZZZZZZZ.jpg
The Virgin Suicides,Jeffrey Eugenides,Warner Books,http://images.amazon.com/images/P/0446670251.01.MZZZZZZZ.jpg
From Potter's Field,Patricia Daniels Cornwell,Berkley Publishing Group,http://images.amazon.com/images/P/0425154092.01.MZZZZZZZ.jpg
The Summerhouse,Jude Deveraux,Pocket,http://images.amazon.com/images/P/0671014196.01.MZZZZZZZ.jpg
Cold Mountain,Charles Frazier,Atlantic Monthly Press,http://images.amazon.com/images/P/0871136791.01.MZZZZZZZ.jpg
Scarlet Feather,Maeve Binchy,Dutton Books,http://images.amazon.com/images/P/0525945938.01.MZZZZZZZ.jpg
The Blind Assassin,Margaret Atwood,Nan A. Talese,http://images.amazon.com/images/P/0385475721.01.MZZZZZZZ.jpg
Birthright,Nora Roberts,Jove Books,http://images.amazon.com/images/P/0515137111.01.MZZZZZZZ.jpg
D Is for Deadbeat (Kinsey Millhone Mysteries (Paperback)),Sue Grafton,Bantam,http://images.amazon.com/images/P/0553271636.01.MZZZZZZZ.jpg
Midnight in the Garden of Good and Evil,John Berendt,Vintage Books USA,http://images.amazon.com/images/P/0679751521.01.MZZZZZZZ.jpg
Three To Get Deadly : A Stephanie Plum Novel (A Stephanie Plum Novel),Janet Evanovich,St. Martin's Paperbacks,http://images.amazon.com/images/P/0312966091.01.MZZZZZZZ.jpg
Two for the Dough,Janet Evanovich,Pocket,http://images.amazon.com/images/P/0671001795.01.MZZZZZZZ.jpg
Turtle Moon,Alice Hoffman,Berkley Publishing Group,http://images.amazon.com/images/P/0425161285.01.MZZZZZZZ.jpg
Where the Red Fern Grows,Wilson Rawls,Random House Children's Books,http://images.amazon.com/images/P/0553274295.01.MZZZZZZZ.jpg
A Man Named Dave: A Story of Triumph and Forgiveness,David J. Pelzer,Dutton Books,http://images.amazon.com/images/P/0525945210.01.MZZZZZZZ.jpg
Saint Maybe,ANNE TYLER,Ivy Books,http://images.amazon.com/images/P/0804108749.01.MZZZZZZZ.jpg
Rules of Prey,John Sandford,Berkley Publishing Group,http://images.amazon.com/images/P/0425121631.01.MZZZZZZZ.jpg
Envy,Sandra Brown,Warner Books,http://images.amazon.com/images/P/0446611808.01.MZZZZZZZ.jpg
Betrayal in Death,Nora Roberts,Berkley Publishing Group,http://images.amazon.com/images/P/0425178579.01.MZZZZZZZ.jpg
"The Gunslinger (The Dark Tower, Book 1)",Stephen King,New American Library,http://images.amazon.com/images/P/0451210840.01.MZZZZZZZ.jpg
The Dark Half,Stephen King,Signet Book,http://images.amazon.com/images/P/0451167317.01.MZZZZZZZ.jpg
Full House (Janet Evanovich's Full Series),Janet Evanovich,St. Martin's Paperbacks,http://images.amazon.com/images/P/0312983271.01.MZZZZZZZ.jpg
F Is for Fugitive (Kinsey Millhone Mysteries (Paperback)),Sue Grafton,Bantam,http://images.amazon.com/images/P/0553284789.01.MZZZZZZZ.jpg
E Is for Evidence: A Kinsey Millhone Mystery (Kinsey Millhone Mysteries (Paperback)),Sue Grafton,Bantam,http://images.amazon.com/images/P/0553279556.01.MZZZZZZZ.jpg
The Regulators,Stephen King,Signet Book,http://images.amazon.com/images/P/0451191013.01.MZZZZZZZ.jpg
Plum Island,Nelson DeMille,Warner Books,http://images.amazon.com/images/P/0446605409.01.MZZZZZZZ.jpg
The Eight,Katherine Neville,Ballantine Books,http://images.amazon.com/images/P/0345366239.01.MZZZZZZZ.jpg
"The Drawing of the Three (The Dark Tower, Book 2)",Stephen King,Signet Book,http://images.amazon.com/images/P/0451163524.01.MZZZZZZZ.jpg
"Wizard and Glass (The Dark Tower, Book 4)",Stephen King,Signet Book,http://images.amazon.com/images/P/0451194861.01.MZZZZZZZ.jpg
Beloved,Toni Morrison,Plume Books,http://images.amazon.com/images/P/0452280621.01.MZZZZZZZ.jpg
The Empty Chair,Jeffery Deaver,Pocket,http://images.amazon.com/images/P/0671026011.01.MZZZZZZZ.jpg
The Sweet Potato Queens' Book of Love,JILL CONNER BROWNE,Three Rivers Press,http://images.amazon.com/images/P/0609804138.01.MZZZZZZZ.jpg
Drowning Ruth (Oprah's Book Club),CHRISTINA SCHWARZ,Ballantine Books,http://images.amazon.com/images/P/0345439104.01.MZZZZZZZ.jpg
The Last Precinct,Patricia Cornwell,Berkley Publishing Group,http://images.amazon.com/images/P/0425180638.01.MZZZZZZZ.jpg
Possession : A Romance,A.S. BYATT,Vintage,http://images.amazon.com/images/P/0679735909.01.MZZZZZZZ.jpg
L Is for Lawless,Sue Grafton,Fawcett Books,http://images.amazon.com/images/P/0449221490.01.MZZZZZZZ.jpg
Violin,Anne Rice,Alfred A. Knopf,http://images.amazon.com/images/P/0679433023.01.MZZZZZZZ.jpg
Animal Dreams,Barbara Kingsolver,Perennial,http://images.amazon.com/images/P/0060921145.01.MZZZZZZZ.jpg
Sleepers,Lorenzo Carcaterra,Ballantine Books,http://images.amazon.com/images/P/0345404114.01.MZZZZZZZ.jpg
Temptation,Dermot Bolger,Harpercollins,http://images.amazon.com/images/P/0002261529.01.MZZZZZZZ.jpg
The Angel of Darkness,Caleb Carr,Ballantine Books,http://images.amazon.com/images/P/0345427637.01.MZZZZZZZ.jpg
Jewel (Oprah's Book Club),Bret Lott,Pocket,http://images.amazon.com/images/P/0671042572.01.MZZZZZZZ.jpg
I Is for Innocent,Sue Grafton,Fawcett Books,http://images.amazon.com/images/P/0449221512.01.MZZZZZZZ.jpg
Evening Class,Maeve Binchy,Dell,http://images.amazon.com/images/P/0385318073.01.MZZZZZZZ.jpg
Morality for Beautiful Girls (No.1 Ladies Detective Agency),Alexander McCall Smith,Anchor,http://images.amazon.com/images/P/1400031362.01.MZZZZZZZ.jpg
N Is for Noose,Sue Grafton,Fawcett Books,http://images.amazon.com/images/P/0449223612.01.MZZZZZZZ.jpg
A Wrinkle in Time,Madeleine L'Engle,Laure Leaf,http://images.amazon.com/images/P/0440998050.01.MZZZZZZZ.jpg
The English Patient,Michael Ondaatje,Vintage Books USA,http://images.amazon.com/images/P/0679745203.01.MZZZZZZZ.jpg
The Fourth Hand,John Irving,Ballantine Books,http://images.amazon.com/images/P/0345449347.01.MZZZZZZZ.jpg
Shadow Prey,John Sandford,Putnam Pub Group,http://images.amazon.com/images/P/039913543X.01.MZZZZZZZ.jpg
Dragon Tears,Dean R. Koontz,Putnam Pub Group,http://images.amazon.com/images/P/0399137734.01.MZZZZZZZ.jpg
Dawn (Cutler),V.C. Andrews,Pocket,http://images.amazon.com/images/P/0671670689.01.MZZZZZZZ.jpg
Fat Tuesday,Sandra Brown,Warner Vision,http://images.amazon.com/images/P/0446605581.01.MZZZZZZZ.jpg
Couplehood,Paul Reiser,Bantam Dell Pub Group,http://images.amazon.com/images/P/0553096834.01.MZZZZZZZ.jpg
I Know Why the Caged Bird Sings,MAYA ANGELOU,Bantam,http://images.amazon.com/images/P/0553279378.01.MZZZZZZZ.jpg
Still Waters,TAMI HOAG,Bantam,http://images.amazon.com/images/P/0553292722.01.MZZZZZZZ.jpg
Hard Eight : A Stephanie Plum Novel (A Stephanie Plum Novel),Janet Evanovich,St. Martin's Paperbacks,http://images.amazon.com/images/P/0312983867.01.MZZZZZZZ.jpg
Angels,Marian Keyes,William Morrow,http://images.amazon.com/images/P/0060008024.01.MZZZZZZZ.jpg
Debt of Honor (Jack Ryan Novels),Tom Clancy,Berkley Publishing Group,http://images.amazon.com/images/P/0425147584.01.MZZZZZZZ.jpg
Dark Angel,V.C. Andrews,Pocket,http://images.amazon.com/images/P/0671525433.01.MZZZZZZZ.jpg
Taltos: Lives of the Mayfair Witches,Anne Rice,Ballantine Books,http://images.amazon.com/images/P/0345404319.01.MZZZZZZZ.jpg
One True Thing,Anna Quindlen,Random House Inc,http://images.amazon.com/images/P/067940712X.01.MZZZZZZZ.jpg
Skeleton Crew,Stephen King,Signet Book,http://images.amazon.com/images/P/0451168615.01.MZZZZZZZ.jpg
Seize the Night,DEAN KOONTZ,Bantam,http://images.amazon.com/images/P/0553106651.01.MZZZZZZZ.jpg
Shattered,Dean R. Koontz,Berkley Publishing Group,http://images.amazon.com/images/P/0425099334.01.MZZZZZZZ.jpg
Q Is for Quarry,Sue Grafton,Berkley Publishing Group,http://images.amazon.com/images/P/0425192725.01.MZZZZZZZ.jpg
Girl in Hyacinth Blue,Susan Vreeland,Highbridge Audio,http://images.amazon.com/images/P/1565115430.01.MZZZZZZZ.jpg
Full Tilt (Janet Evanovich's Full Series),Janet Evanovich,St. Martin's Paperbacks,http://images.amazon.com/images/P/031298328X.01.MZZZZZZZ.jpg
The Glass Lake,Maeve Binchy,Dell,http://images.amazon.com/images/P/0440221595.01.MZZZZZZZ.jpg
The Horse Whisperer,Nicholas Evans,Dell,http://images.amazon.com/images/P/0440222656.01.MZZZZZZZ.jpg
"River, Cross My Heart",Breena Clarke,Little Brown &amp; Company,http://images.amazon.com/images/P/0316899984.01.MZZZZZZZ.jpg
Catering to Nobody,Diane Mott Davidson,Fawcett Books,http://images.amazon.com/images/P/044922046X.01.MZZZZZZZ.jpg
"Angus, Thongs and Full-Frontal Snogging: Confessions of Georgia Nicolson",Louise Rennison,HarperTempest,http://images.amazon.com/images/P/0064472272.01.MZZZZZZZ.jpg
The Edge,Catherine Coulter,Jove Books,http://images.amazon.com/images/P/0515128600.01.MZZZZZZZ.jpg
Sea Swept (Quinn Brothers (Paperback)),Nora Roberts,Jove Books,http://images.amazon.com/images/P/0515121843.01.MZZZZZZZ.jpg
Seven Up (A Stephanie Plum Novel),Janet Evanovich,St. Martin's Press,http://images.amazon.com/images/P/0312265840.01.MZZZZZZZ.jpg
The Weight of Water : A Novel Tag: Author of Resistance and Strange Fits of Passion,Anita Shreve,Back Bay Books,http://images.amazon.com/images/P/0316780375.01.MZZZZZZZ.jpg
Hearts in Atlantis,Stephen King,Pocket,http://images.amazon.com/images/P/0743436210.01.MZZZZZZZ.jpg
Jacob Have I Loved,Katherine Paterson,Avon Books,http://images.amazon.com/images/P/0380564998.01.MZZZZZZZ.jpg
Dust to Dust,TAMI HOAG,Bantam,http://images.amazon.com/images/P/0553582526.01.MZZZZZZZ.jpg
Over the Edge,Jonathan Kellerman,New American Library,http://images.amazon.com/images/P/0451152190.01.MZZZZZZZ.jpg
Standoff,Sandra Brown,Warner Books,http://images.amazon.com/images/P/0446527017.01.MZZZZZZZ.jpg
"Truly, Madly Manhattan",Nora Roberts,Silhouette,http://images.amazon.com/images/P/0373218036.01.MZZZZZZZ.jpg
The Deep End of the Ocean,Jacquelyn Mitchard,New Amer Library,http://images.amazon.com/images/P/0451186923.01.MZZZZZZZ.jpg
B Is for Burglar (Kinsey Millhone Mysteries (Paperback)),Sue Grafton,Bantam,http://images.amazon.com/images/P/0553280341.01.MZZZZZZZ.jpg
C Is for Corpse (Kinsey Millhone Mysteries (Paperback)),Sue Grafton,Bantam,http://images.amazon.com/images/P/0553280368.01.MZZZZZZZ.jpg
Gerald's Game,Stephen King,Signet Book,http://images.amazon.com/images/P/0451176464.01.MZZZZZZZ.jpg
FORREST GUMP (Movie Tie in),Winston Groom,Pocket,http://images.amazon.com/images/P/0671894455.01.MZZZZZZZ.jpg
Rose Madder,Stephen King,Signet Book,http://images.amazon.com/images/P/0451186362.01.MZZZZZZZ.jpg
Tom Clancy's Op-Center (Tom Clancy's Op Center (Paperback)),Tom Clancy,Berkley Publishing Group,http://images.amazon.com/images/P/0425147363.01.MZZZZZZZ.jpg
Drums of Autumn,DIANA GABALDON,Dell,http://images.amazon.com/images/P/044022425X.01.MZZZZZZZ.jpg
Voyager,DIANA GABALDON,Dell,http://images.amazon.com/images/P/0440217563.01.MZZZZZZZ.jpg
The Stone Diaries,Carol Shields,Penguin Books,http://images.amazon.com/images/P/014023313X.01.MZZZZZZZ.jpg
Dr. Atkins' New Diet Revolution,Robert C. Atkins,Avon Books,http://images.amazon.com/images/P/006001203X.01.MZZZZZZZ.jpg
Daddy,DANIELLE STEEL,Dell,http://images.amazon.com/images/P/0440207622.01.MZZZZZZZ.jpg
Small Town Girl,LaVyrle Spencer,Putnam Pub Group,http://images.amazon.com/images/P/0399142495.01.MZZZZZZZ.jpg
Killjoy,Julie Garwood,Ballantine Books,http://images.amazon.com/images/P/0345453816.01.MZZZZZZZ.jpg
A Thin Dark Line (Mysteries &amp; Horror),TAMI HOAG,Bantam,http://images.amazon.com/images/P/0553571885.01.MZZZZZZZ.jpg
Matilda,Roald Dahl,Puffin Books,http://images.amazon.com/images/P/014034294X.01.MZZZZZZZ.jpg
The Face of Deception,Iris Johansen,Bantam Books,http://images.amazon.com/images/P/0553578022.01.MZZZZZZZ.jpg
G Is for Gumshoe (Kinsey Millhone Mysteries (Paperback)),Sue Grafton,Fawcett Books,http://images.amazon.com/images/P/0449219364.01.MZZZZZZZ.jpg
The Other Boleyn Girl,Philippa Gregory,Touchstone,http://images.amazon.com/images/P/0743227441.01.MZZZZZZZ.jpg
The Bonfire of the Vanities,Tom Wolfe,Bantam Books,http://images.amazon.com/images/P/0553275976.01.MZZZZZZZ.jpg
The Bachelor (Warner Books Contemporary Romance),Carly Phillips,Warner Forever,http://images.amazon.com/images/P/0446610542.01.MZZZZZZZ.jpg
The Promise,Mandalyn Kaye,Pinnacle Books,http://images.amazon.com/images/P/0786000872.01.MZZZZZZZ.jpg
Needful Things,Stephen King,New Amer Library,http://images.amazon.com/images/P/0451178599.01.MZZZZZZZ.jpg
Four Past Midnight,Stephen King,Signet Book,http://images.amazon.com/images/P/0451170385.01.MZZZZZZZ.jpg
"Men Are from Mars, Women Are from Venus: A Practical Guide for Improving Communication and Getting What You Want in Your Relationships",John Gray,HarperCollins Publishers,http://images.amazon.com/images/P/006016848X.01.MZZZZZZZ.jpg
Smart Women,Judy Blume,Pocket Books,http://images.amazon.com/images/P/0671727583.01.MZZZZZZZ.jpg
Hemlock Bay,Catherine Coulter,Jove Books,http://images.amazon.com/images/P/0515133302.01.MZZZZZZZ.jpg
The Wedding,Nicholas Sparks,Warner Books,http://images.amazon.com/images/P/0446532452.01.MZZZZZZZ.jpg
Red Storm Rising,Tom Clancy,Berkley Publishing Group,http://images.amazon.com/images/P/042510107X.01.MZZZZZZZ.jpg
Tell Me Lies (Tell Me Lies),Jennifer Crusie,St. Martin's Press,http://images.amazon.com/images/P/0312966806.01.MZZZZZZZ.jpg
Hide &amp; Seek,James Patterson,Warner Books,http://images.amazon.com/images/P/0446603716.01.MZZZZZZZ.jpg
Wanderlust,Danielle Steel,Dell,http://images.amazon.com/images/P/0440193613.01.MZZZZZZZ.jpg
"Whirlwind (Tyler, Book 1)",Nancy Martin,Harlequin,http://images.amazon.com/images/P/0373825013.01.MZZZZZZZ.jpg
Carrie,Stephen King,Signet Book,http://images.amazon.com/images/P/0451157443.01.MZZZZZZZ.jpg
Schindler's List,Thomas Keneally,Touchstone,http://images.amazon.com/images/P/0671880314.01.MZZZZZZZ.jpg
The General's Daughter,Nelson DeMille,Warner Books,http://images.amazon.com/images/P/0446513067.01.MZZZZZZZ.jpg
Drowning Ruth,Christina Schwarz,Doubleday,http://images.amazon.com/images/P/0385502532.01.MZZZZZZZ.jpg
The Bourne Supremacy,Robert Ludlum,Bantam,http://images.amazon.com/images/P/0553263226.01.MZZZZZZZ.jpg
Summer Pleasures,Nora Roberts,Silhouette,http://images.amazon.com/images/P/0373218397.01.MZZZZZZZ.jpg
Homeport,Nora Roberts,Putnam Publishing Group,http://images.amazon.com/images/P/0399143874.01.MZZZZZZZ.jpg
Five Days in Paris,DANIELLE STEEL,Dell,http://images.amazon.com/images/P/0440222842.01.MZZZZZZZ.jpg
Paradise,Toni Morrison,Alfred A. Knopf,http://images.amazon.com/images/P/0679433740.01.MZZZZZZZ.jpg
A Virtuous Woman (Oprah's Book Club (Paperback)),Kaye Gibbons,Vintage Books,http://images.amazon.com/images/P/0375703063.01.MZZZZZZZ.jpg
The Burden of Proof,Scott Turow,Warner Books,http://images.amazon.com/images/P/0446360589.01.MZZZZZZZ.jpg
Accident,Danielle Steel,Delacorte Press,http://images.amazon.com/images/P/0385306024.01.MZZZZZZZ.jpg
Master of the Game,Sidney Sheldon,Not Avail,http://images.amazon.com/images/P/0446802204.01.MZZZZZZZ.jpg
If Tomorrow Comes,Sidney Sheldon,Warner Books> C/o Little Br,http://images.amazon.com/images/P/0446329894.01.MZZZZZZZ.jpg
False Memory,Dean R. Koontz,Bantam Books,http://images.amazon.com/images/P/0553580221.01.MZZZZZZZ.jpg
Second Nature,Alice Hoffman,Putnam Pub Group,http://images.amazon.com/images/P/0399139087.01.MZZZZZZZ.jpg
Coming Home,Rosamunde Pilcher,St. Martin's Press,http://images.amazon.com/images/P/0312958129.01.MZZZZZZZ.jpg
Foucault's Pendulum,Umberto Eco,Ballantine Books,http://images.amazon.com/images/P/0345368754.01.MZZZZZZZ.jpg
Colony,Anne Rivers Siddons,HarperTorch,http://images.amazon.com/images/P/0061099708.01.MZZZZZZZ.jpg
Devices and Desires,Phyllis White,Warner Books,http://images.amazon.com/images/P/0446359750.01.MZZZZZZZ.jpg
The Killing Game: Only One Can Win...and the Loser Dies,Iris Johansen,Bantam Books,http://images.amazon.com/images/P/0553581554.01.MZZZZZZZ.jpg
Nightmares &amp; Dreamscapes,Stephen King,Signet Book,http://images.amazon.com/images/P/0451180232.01.MZZZZZZZ.jpg
Thinner,Stephen King,New Amer Library,http://images.amazon.com/images/P/0451137965.01.MZZZZZZZ.jpg
The Talisman,Stephen King,Berkley Publishing Group,http://images.amazon.com/images/P/0425105334.01.MZZZZZZZ.jpg
"Welcome to the World, Baby Girl!",Fannie Flagg,Ballantine Books,http://images.amazon.com/images/P/080411868X.01.MZZZZZZZ.jpg
Fatal Cure,Robin Cook,Berkley Publishing Group,http://images.amazon.com/images/P/0425145638.01.MZZZZZZZ.jpg
A Fine Balance,Rohinton Mistry,Vintage Books USA,http://images.amazon.com/images/P/140003065X.01.MZZZZZZZ.jpg
Deja Dead,Kathy Reichs,Pocket,http://images.amazon.com/images/P/0671011367.01.MZZZZZZZ.jpg
The Ugly Duckling,Iris Johansen,Bantam Books,http://images.amazon.com/images/P/0553569910.01.MZZZZZZZ.jpg
I Know This Much Is True (Oprah's Book Club),Wally Lamb,Regan Books,http://images.amazon.com/images/P/0060391626.01.MZZZZZZZ.jpg
Fine Things,Danielle Steel,Dell,http://images.amazon.com/images/P/0440200563.01.MZZZZZZZ.jpg
Anne of the Island,Lucy Maud Montgomery,Bantam Classics,http://images.amazon.com/images/P/0553213172.01.MZZZZZZZ.jpg
Welcome to Temptation,Jennifer Crusie,St. Martin's Paperbacks,http://images.amazon.com/images/P/0312974256.01.MZZZZZZZ.jpg
Sole Survivor,DEAN KOONTZ,Knopf,http://images.amazon.com/images/P/0679425268.01.MZZZZZZZ.jpg
Tears of the Moon (Irish Trilogy),Nora Roberts,Jove Books,http://images.amazon.com/images/P/0515128546.01.MZZZZZZZ.jpg
Beach Music,PAT CONROY,Nan A. Talese,http://images.amazon.com/images/P/0385413041.01.MZZZZZZZ.jpg
The Genesis Code,John Case,Ballantine Books,http://images.amazon.com/images/P/0345422317.01.MZZZZZZZ.jpg
Practical Magic,Alice Hoffman,Berkley Publishing Group,http://images.amazon.com/images/P/0425168468.01.MZZZZZZZ.jpg
Riptide,Catherine Coulter,Jove Books,http://images.amazon.com/images/P/0515130966.01.MZZZZZZZ.jpg
Gorky Park,Martin Cruz Smith,Ballantine Books,http://images.amazon.com/images/P/0345298349.01.MZZZZZZZ.jpg
Bridge to Terabithia,Katherine Paterson,HarperTrophy,http://images.amazon.com/images/P/006073941X.01.MZZZZZZZ.jpg
Fortune's Rocks: A Novel,Anita Shreve,Back Bay Books,http://images.amazon.com/images/P/0316781010.01.MZZZZZZZ.jpg
Silent Witness,RICHARD NORTH PATTERSON,Ballantine Books,http://images.amazon.com/images/P/0345404769.01.MZZZZZZZ.jpg
Midnight Bayou,Nora Roberts,Putnam Publishing Group,http://images.amazon.com/images/P/0399148248.01.MZZZZZZZ.jpg
Fingersmith,Sarah Waters,Riverhead Books,http://images.amazon.com/images/P/1573229725.01.MZZZZZZZ.jpg
Shadowfires,Dean R. Koontz,Berkley Publishing Group,http://images.amazon.com/images/P/0425136981.01.MZZZZZZZ.jpg
No Greater Love,William X. Kienzle,Andrews McMeel Pub,http://images.amazon.com/images/P/0836278658.01.MZZZZZZZ.jpg
Remember Me,Mary Higgins Clark,Pocket,http://images.amazon.com/images/P/0671867091.01.MZZZZZZZ.jpg
It's Always Something,Gilda Radner,Avon,http://images.amazon.com/images/P/0380710722.01.MZZZZZZZ.jpg
Fatherhood,Bill Cosby,Berkley Publishing Group,http://images.amazon.com/images/P/0425097722.01.MZZZZZZZ.jpg
Secrets,DANIELLE STEEL,Dell,http://images.amazon.com/images/P/0440176484.01.MZZZZZZZ.jpg
The Long Road Home,DANIELLE STEEL,Delacorte Press,http://images.amazon.com/images/P/0385319568.01.MZZZZZZZ.jpg
"Like Water for Chocolate : A Novel in Monthly Installments with Recipes, Romances, and Home Remedies",LAURA ESQUIVEL,Anchor,http://images.amazon.com/images/P/038542017X.01.MZZZZZZZ.jpg
The Saving Graces: A Novel,Patricia Gaffney,HarperTorch,http://images.amazon.com/images/P/0061097101.01.MZZZZZZZ.jpg
Invasion,Robin Cook,Berkley Publishing Group,http://images.amazon.com/images/P/0425155404.01.MZZZZZZZ.jpg
Blue Diary,Alice Hoffman,Berkley Publishing Group,http://images.amazon.com/images/P/0425184943.01.MZZZZZZZ.jpg
Moo,Jane Smiley,Ballantine Books,http://images.amazon.com/images/P/0449910237.01.MZZZZZZZ.jpg
Billy Straight : A Novel,JONATHAN KELLERMAN,Ballantine Books,http://images.amazon.com/images/P/0345413865.01.MZZZZZZZ.jpg
Macgregor Grooms (Macgregors),Nora Roberts,Silhouette,http://images.amazon.com/images/P/0373483694.01.MZZZZZZZ.jpg
Nicolae: The Rise of Antichrist (Left Behind No. 3),Tim F. Lahaye,Tyndale House Publishers,http://images.amazon.com/images/P/0842329242.01.MZZZZZZZ.jpg
Night Prey,John Sandford,Berkley Publishing Group,http://images.amazon.com/images/P/0425146413.01.MZZZZZZZ.jpg
The Crimson Petal and the White,Michel Faber,Harcourt,http://images.amazon.com/images/P/015100692X.01.MZZZZZZZ.jpg
Vector,Robin Cook,Putnam Pub Group,http://images.amazon.com/images/P/0399144714.01.MZZZZZZZ.jpg
Acceptable Risk,Robin Cook,Berkley Publishing Group,http://images.amazon.com/images/P/0425151867.01.MZZZZZZZ.jpg
The Switch,Sandra Brown,Warner Vision,http://images.amazon.com/images/P/0446609943.01.MZZZZZZZ.jpg
The Clan of the Cave Bear (Earth's Children (Paperback)),Jean M. Auel,Bantam Books,http://images.amazon.com/images/P/0553250426.01.MZZZZZZZ.jpg
"Scarlett : The Sequel to Margaret Mitchell's \Gone With the Wind\""""",Alexandra Ripley,Warner Books,http://images.amazon.com/images/P/0446363251.01.MZZZZZZZ.jpg
Night Whispers,Judith McNaught,Pocket,http://images.amazon.com/images/P/0671525743.01.MZZZZZZZ.jpg
A Great Deliverance,Elizabeth George,Bantam Books,http://images.amazon.com/images/P/0553278029.01.MZZZZZZZ.jpg
Sacred Sins,Nora Roberts,Bantam Books,http://images.amazon.com/images/P/0553265741.01.MZZZZZZZ.jpg
The Sands of Time,Sidney Sheldon,Warner Books,http://images.amazon.com/images/P/0446356832.01.MZZZZZZZ.jpg
Touching Evil,Kay Hooper,Bantam Books,http://images.amazon.com/images/P/0553583441.01.MZZZZZZZ.jpg
"Artemis Fowl (Artemis Fowl, Book 1)",Eoin Colfer,Miramax Kids,http://images.amazon.com/images/P/0786817070.01.MZZZZZZZ.jpg
The Copper Beech,Maeve Binchy,Dell,http://images.amazon.com/images/P/0440213290.01.MZZZZZZZ.jpg
Key of Knowledge (Key Trilogy (Paperback)),Nora Roberts,Jove Books,http://images.amazon.com/images/P/0515136379.01.MZZZZZZZ.jpg
"Key of Valor (Roberts, Nora. Key Trilogy, 3.)",Nora Roberts,Jove Pubns,http://images.amazon.com/images/P/0515136530.01.MZZZZZZZ.jpg
Key of Light (Key Trilogy (Paperback)),Nora Roberts,Jove Books,http://images.amazon.com/images/P/051513628X.01.MZZZZZZZ.jpg
Wifey,Judy Blume,Pocket,http://images.amazon.com/images/P/0671693816.01.MZZZZZZZ.jpg
The Bourne Ultimatum,Robert Ludlum,Bantam Books,http://images.amazon.com/images/P/0553287737.01.MZZZZZZZ.jpg
A Wrinkle In Time,MADELEINE L'ENGLE,Yearling,http://images.amazon.com/images/P/0440498058.01.MZZZZZZZ.jpg
The Boy Next Door,Meggin Cabot,Avon Trade,http://images.amazon.com/images/P/0060096195.01.MZZZZZZZ.jpg
Family Album,Danielle Steel,Dell,http://images.amazon.com/images/P/0440124344.01.MZZZZZZZ.jpg
Macgregor Brides (Macgregors),Nora Roberts,Silhouette,http://images.amazon.com/images/P/0373483503.01.MZZZZZZZ.jpg
Sanctuary,Nora Roberts,Jove Books,http://images.amazon.com/images/P/0515122734.01.MZZZZZZZ.jpg
Message from Nam,Danielle Steel,Dell,http://images.amazon.com/images/P/0440209412.01.MZZZZZZZ.jpg
The Pull of the Moon,Elizabeth Berg,Berkley Publishing Group,http://images.amazon.com/images/P/0425176487.01.MZZZZZZZ.jpg
Portrait in Death,Nora Roberts,Berkley Publishing Group,http://images.amazon.com/images/P/0425189031.01.MZZZZZZZ.jpg
"All the Pretty Horses (The Border Trilogy, Vol 1)",CORMAC MCCARTHY,Vintage,http://images.amazon.com/images/P/0679744398.01.MZZZZZZZ.jpg
The Most Wanted,Jacquelyn Mitchard,Signet Book,http://images.amazon.com/images/P/0451196856.01.MZZZZZZZ.jpg
Eyes of a Child,Richard North Patterson,Random House Inc,http://images.amazon.com/images/P/0679429883.01.MZZZZZZZ.jpg
Exclusive,Sandra Brown,Warner Books,http://images.amazon.com/images/P/0446604232.01.MZZZZZZZ.jpg
Crazy for You,Jennifer Crusie,St Martins Pr,http://images.amazon.com/images/P/0312198493.01.MZZZZZZZ.jpg
GARDEN OF SHADOWS (Dollanger Saga (Paperback)),Ariel Jennifer Jones,Pocket,http://images.amazon.com/images/P/067164257X.01.MZZZZZZZ.jpg
The Return Journey,MAEVE BINCHY,Dell,http://images.amazon.com/images/P/0440224594.01.MZZZZZZZ.jpg
Jewels of the Sun (Irish Trilogy),Nora Roberts,Jove Books,http://images.amazon.com/images/P/0515126772.01.MZZZZZZZ.jpg
Heartbeat,Danielle Steel,Delacorte Press,http://images.amazon.com/images/P/0385299087.01.MZZZZZZZ.jpg
H Is for Homicide (Kinsey Millhone Mysteries (Paperback)),Sue Grafton,Fawcett Books,http://images.amazon.com/images/P/0449219461.01.MZZZZZZZ.jpg
Mind Prey,John Sandford,Berkley Publishing Group,http://images.amazon.com/images/P/0425152898.01.MZZZZZZZ.jpg
Fortune's Rocks : A Novel,Anita Shreve,Back Bay Books,http://images.amazon.com/images/P/0316678104.01.MZZZZZZZ.jpg
The Cradle Will Fall,Mary Higgins Clark,Pocket,http://images.amazon.com/images/P/0671741195.01.MZZZZZZZ.jpg
Dream Country,Luanne Rice,Bantam Books,http://images.amazon.com/images/P/055358264X.01.MZZZZZZZ.jpg
Executive Orders (Jack Ryan Novels),Tom Clancy,Berkley Publishing Group,http://images.amazon.com/images/P/0425158632.01.MZZZZZZZ.jpg
Cat &amp; Mouse (Alex Cross Novels),James Patterson,Warner Books,http://images.amazon.com/images/P/0446606189.01.MZZZZZZZ.jpg
Blood Work,Michael Connelly,Warner Books,http://images.amazon.com/images/P/0446602620.01.MZZZZZZZ.jpg
Certain Prey,John Sandford,Berkley Publishing Group,http://images.amazon.com/images/P/0425174271.01.MZZZZZZZ.jpg
Easy Prey,John Sandford,Putnam Publishing Group,http://images.amazon.com/images/P/039914613X.01.MZZZZZZZ.jpg
Mortal Prey,John Sandford,Berkley Publishing Group,http://images.amazon.com/images/P/0425189864.01.MZZZZZZZ.jpg
Patriot Games (Jack Ryan Novels),Tom Clancy,Berkley Publishing Group,http://images.amazon.com/images/P/0425109720.01.MZZZZZZZ.jpg
Zoya,Danielle Steel,Dell,http://images.amazon.com/images/P/0440203856.01.MZZZZZZZ.jpg
Inner Harbor (Quinn Brothers (Paperback)),Nora Roberts,Jove Books,http://images.amazon.com/images/P/0515124214.01.MZZZZZZZ.jpg
My Gal Sunday,Mary Higgins Clark,Simon &amp; Schuster,http://images.amazon.com/images/P/0684832291.01.MZZZZZZZ.jpg
That Camden Summer,Lavyrle Spencer,Putnam Pub Group,http://images.amazon.com/images/P/0399141200.01.MZZZZZZZ.jpg
Guardian Angel,Sara Paretsky,Dell Publishing Company,http://images.amazon.com/images/P/0440213991.01.MZZZZZZZ.jpg
M Is for Malice,Sue Grafton,Fawcett Books,http://images.amazon.com/images/P/0449223604.01.MZZZZZZZ.jpg
Nothing Lasts Forever,Sidney Sheldon,Harpercollins Childrens Books,http://images.amazon.com/images/P/0688084915.01.MZZZZZZZ.jpg
Deck the Halls (Holiday Classics),Mary Higgins Clark,Pocket,http://images.amazon.com/images/P/0743418131.01.MZZZZZZZ.jpg
